repeat,outer_fold,overall_fold,estimator,best_params,inner_cv_score,accuracy,balanced_accuracy,f1,f2,precision,recall,sensitivity,specificity,npv,mcc,roc_auc,pr_auc,log_loss
1,1,1,LR_ElasticNet,"{'C': 0.1, 'l1_ratio': 0.25}",0.991666621961142,0.9902912621359223,0.9871794871794872,0.987012987012987,0.9793814432989689,1.0,0.9743589743589743,0.9743589743589743,1.0,0.9846153846153847,0.9794737547744264,1.0,1.0,0.09100936875325659
1,1,1,GNB,{'var_smoothing': np.float64(0.01)},0.9814051840526452,0.941747572815534,0.9431089743589743,0.925,0.9390862944162437,0.9024390243902439,0.9487179487179487,0.9487179487179487,0.9375,0.967741935483871,0.8781628466708516,0.9927884615384616,0.9888822259385295,0.5765389818281164
1,1,1,LDA,"{'shrinkage': None, 'solver': 'svd'}",0.97968840249278,0.9805825242718447,0.9743589743589743,0.9736842105263158,0.9585492227979274,1.0,0.9487179487179487,0.9487179487179487,1.0,0.9696969696969697,0.9591501029395347,0.9987980769230769,0.9980917560654897,0.05615747241018248
1,1,1,SVM,"{'C': 1, 'gamma': 0.01, 'kernel': 'rbf'}",0.9914350473431507,0.9902912621359223,0.9871794871794872,0.987012987012987,0.9793814432989689,1.0,0.9743589743589743,0.9743589743589743,1.0,0.9846153846153847,0.9794737547744264,1.0,1.0,0.05126449766471815
1,1,1,RF,"{'max_depth': None, 'min_samples_leaf': 3, 'min_samples_split': 5, 'n_estimators': 150}",0.9814624071242722,0.9902912621359223,0.9871794871794872,0.987012987012987,0.9793814432989689,1.0,0.9743589743589743,0.9743589743589743,1.0,0.9846153846153847,0.9794737547744264,0.9971955128205128,0.9960981047937569,0.09292610453321253
1,1,1,LGBM,"{'learning_rate': 0.1, 'max_depth': -1, 'n_estimators': 150, 'num_leaves': 31}",0.9847715100632136,0.9902912621359223,0.9871794871794872,0.987012987012987,0.9793814432989689,1.0,0.9743589743589743,0.9743589743589743,1.0,0.9846153846153847,0.9794737547744264,0.9979967948717948,0.9970862470862473,0.04903292923097122
1,2,2,LR_ElasticNet,"{'C': 0.1, 'l1_ratio': 0}",0.9963439821893189,0.9611650485436893,0.9473684210526316,0.9444444444444444,0.913978494623656,1.0,0.8947368421052632,0.8947368421052632,1.0,0.9420289855072463,0.9180784496242018,0.9902834008097166,0.9860797827903088,0.13083335015072245
1,2,2,GNB,{'var_smoothing': np.float64(1e-09)},0.9871006679005392,0.9029126213592233,0.8902834008097166,0.8648648648648649,0.851063829787234,0.8888888888888888,0.8421052631578947,0.8421052631578947,0.9384615384615385,0.9104477611940298,0.7898959756654137,0.9688259109311741,0.9601232318793518,1.1070470037277105
1,2,2,LDA,"{'shrinkage': None, 'solver': 'svd'}",0.9899716566973348,0.912621359223301,0.881578947368421,0.8656716417910447,0.8011049723756906,1.0,0.7631578947368421,0.7631578947368421,1.0,0.8783783783783784,0.8187437902210951,0.9777327935222673,0.9771172194994907,0.2907412363380025
1,2,2,SVM,"{'C': 1, 'gamma': 'scale', 'kernel': 'rbf'}",0.9969484008833812,0.941747572815534,0.9265182186234818,0.9166666666666666,0.8870967741935484,0.9705882352941176,0.868421052631579,0.868421052631579,0.9846153846153847,0.927536231884058,0.8752901779901328,0.9878542510121457,0.9829801927518643,0.1369943733899176
1,2,2,RF,"{'max_depth': None, 'min_samples_leaf': 3, 'min_samples_split': 5, 'n_estimators': 75}",0.9920459930438202,0.9029126213592233,0.895748987854251,0.868421052631579,0.8684210526315791,0.868421052631579,0.868421052631579,0.868421052631579,0.9230769230769231,0.9230769230769231,0.791497975708502,0.9696356275303644,0.96337011499812,0.2055447335675565
1,2,2,LGBM,"{'learning_rate': 0.1, 'max_depth': -1, 'n_estimators': 75, 'num_leaves': 31}",0.9922105093747485,0.941747572815534,0.9319838056680162,0.918918918918919,0.9042553191489363,0.9444444444444444,0.8947368421052632,0.8947368421052632,0.9692307692307692,0.9402985074626866,0.8742935747251,0.9757085020242915,0.9735624671149665,0.20516253677388402
1,3,3,LR_ElasticNet,"{'C': 1, 'l1_ratio': 0}",0.9939200486396108,0.9705882352941176,0.971217105263158,0.961038961038961,0.968586387434555,0.9487179487179487,0.9736842105263158,0.9736842105263158,0.96875,0.9841269841269841,0.9376273128643323,0.9991776315789473,0.9986842105263156,0.04743027391592444
1,3,3,GNB,{'var_smoothing': np.float64(0.001)},0.9750641524279571,0.9607843137254902,0.9580592105263157,0.9473684210526315,0.9473684210526314,0.9473684210526315,0.9473684210526315,0.9473684210526315,0.96875,0.96875,0.9161184210526315,0.9938322368421053,0.9902846928014146,0.1931734987425049
1,3,3,LDA,"{'shrinkage': None, 'solver': 'svd'}",0.9779056355784448,0.9803921568627451,0.9736842105263157,0.972972972972973,0.9574468085106381,1.0,0.9473684210526315,0.9473684210526315,1.0,0.9696969696969697,0.958467676597046,0.9979440789473684,0.9967249267634375,0.0674509042715796
1,3,3,SVM,"{'C': 10, 'gamma': 'scale', 'kernel': 'rbf'}",0.9928560571515428,0.9705882352941176,0.9658717105263157,0.96,0.9523809523809523,0.972972972972973,0.9473684210526315,0.9473684210526315,0.984375,0.9692307692307692,0.9369589842087575,0.9958881578947368,0.9940738132957812,0.0857222355281894
1,3,3,RF,"{'max_depth': None, 'min_samples_leaf': 3, 'min_samples_split': 5, 'n_estimators': 150}",0.983960551844997,0.9803921568627451,0.979029605263158,0.9736842105263158,0.9736842105263159,0.9736842105263158,0.9736842105263158,0.9736842105263158,0.984375,0.984375,0.9580592105263158,0.9995888157894737,0.9993252361673413,0.09769223141574224
1,3,3,LGBM,"{'learning_rate': 0.1, 'max_depth': -1, 'n_estimators': 150, 'num_leaves': 31}",0.9876737927273052,0.9705882352941176,0.9658717105263157,0.96,0.9523809523809523,0.972972972972973,0.9473684210526315,0.9473684210526315,0.984375,0.9692307692307692,0.9369589842087575,0.9967105263157895,0.9947019749651327,0.10541657285402217
1,4,4,LR_ElasticNet,"{'C': 1, 'l1_ratio': 1}",0.9949697343597722,0.9803921568627451,0.9736842105263157,0.972972972972973,0.9574468085106381,1.0,0.9473684210526315,0.9473684210526315,1.0,0.9696969696969697,0.958467676597046,0.9884868421052632,0.986247227263561,0.10686858962575595
1,4,4,GNB,{'var_smoothing': np.float64(0.001)},0.983755800541831,0.9313725490196079,0.9292763157894737,0.9090909090909091,0.9162303664921466,0.8974358974358975,0.9210526315789473,0.9210526315789473,0.9375,0.9523809523809523,0.8541735729758838,0.9884868421052632,0.9816536514281504,0.6585834904687152
1,4,4,LDA,"{'shrinkage': None, 'solver': 'svd'}",0.9901746197795124,0.9705882352941176,0.9658717105263157,0.96,0.9523809523809523,0.972972972972973,0.9473684210526315,0.9473684210526315,0.984375,0.9692307692307692,0.9369589842087575,0.9905427631578947,0.9870510379428952,0.10830921460484007
1,4,4,SVM,"{'C': 10, 'gamma': 'scale', 'kernel': 'rbf'}",0.9955741530538343,0.9803921568627451,0.979029605263158,0.9736842105263158,0.9736842105263159,0.9736842105263158,0.9736842105263158,0.9736842105263158,0.984375,0.984375,0.9580592105263158,0.994654605263158,0.9929916897506924,0.07504081120930313
1,4,4,RF,"{'max_depth': None, 'min_samples_leaf': 3, 'min_samples_split': 5, 'n_estimators': 75}",0.989175898357519,0.9509803921568627,0.9502467105263157,0.935064935064935,0.9424083769633508,0.9230769230769231,0.9473684210526315,0.9473684210526315,0.953125,0.9682539682539683,0.8959004429201081,0.9950657894736842,0.9924135075450865,0.1066693722476433
1,4,4,LGBM,"{'learning_rate': 0.1, 'max_depth': -1, 'n_estimators': 150, 'num_leaves': 31}",0.9904804055685202,0.9607843137254902,0.963404605263158,0.9487179487179487,0.9635416666666666,0.925,0.9736842105263158,0.9736842105263158,0.953125,0.9838709677419355,0.917796265019199,0.9954769736842105,0.9935570479420304,0.14788689573278968
1,5,5,LR_ElasticNet,"{'C': 1, 'l1_ratio': 1}",0.9964968750838228,0.9607843137254902,0.9473684210526316,0.9444444444444444,0.913978494623656,1.0,0.8947368421052632,0.8947368421052632,1.0,0.9411764705882353,0.9176629354822471,0.9691611842105263,0.9741128840200046,0.1806420400465228
1,5,5,GNB,{'var_smoothing': np.float64(0.0001)},0.9865946013608363,0.9215686274509803,0.9054276315789473,0.8888888888888888,0.8602150537634408,0.9411764705882353,0.8421052631578947,0.8421052631578947,0.96875,0.9117647058823529,0.8316320352807864,0.9876644736842105,0.9809318883891862,0.699344103007374
1,5,5,LDA,"{'shrinkage': None, 'solver': 'svd'}",0.9919011471437639,0.9215686274509803,0.8947368421052632,0.8823529411764706,0.8241758241758242,1.0,0.7894736842105263,0.7894736842105263,1.0,0.8888888888888888,0.837707816583391,0.983141447368421,0.9816874388081817,0.2519916401068185
1,5,5,SVM,"{'C': 10, 'gamma': 0.01, 'kernel': 'rbf'}",0.9978702288028755,0.9509803921568627,0.9342105263157895,0.9295774647887324,0.8918918918918919,1.0,0.868421052631579,0.868421052631579,1.0,0.927536231884058,0.8974920561468396,0.9835526315789473,0.9865047233468285,0.13004311392292842
1,5,5,RF,"{'max_depth': None, 'min_samples_leaf': 3, 'min_samples_split': 5, 'n_estimators': 150}",0.9902407839560813,0.9411764705882353,0.9317434210526316,0.918918918918919,0.9042553191489363,0.9444444444444444,0.8947368421052632,0.8947368421052632,0.96875,0.9393939393939394,0.873603351065016,0.984375,0.9774167163622884,0.16692338927417588
1,5,5,LGBM,"{'learning_rate': 0.1, 'max_depth': -1, 'n_estimators': 150, 'num_leaves': 31}",0.9958870917267957,0.9509803921568627,0.9342105263157895,0.9295774647887324,0.8918918918918919,1.0,0.868421052631579,0.868421052631579,1.0,0.927536231884058,0.8974920561468396,0.983141447368421,0.9813740307645105,0.31148793733393537
2,1,6,LR_ElasticNet,"{'C': 1, 'l1_ratio': 0}",0.9973119462103126,0.970873786407767,0.9615384615384616,0.96,0.9375,1.0,0.9230769230769231,0.9230769230769231,1.0,0.9552238805970149,0.939012843656087,0.9823717948717948,0.9803646496201166,0.13805667485531897
2,1,6,GNB,{'var_smoothing': np.float64(1e-09)},0.9826395035898535,0.8932038834951457,0.8890224358974359,0.8607594936708861,0.8673469387755103,0.85,0.8717948717948718,0.8717948717948718,0.90625,0.9206349206349206,0.774331032586224,0.9695512820512822,0.9620008429164606,1.2437786140360654
2,1,6,LDA,"{'shrinkage': None, 'solver': 'svd'}",0.9868317194638913,0.912621359223301,0.8846153846153846,0.8695652173913043,0.8064516129032259,1.0,0.7692307692307693,0.7692307692307693,1.0,0.8767123287671232,0.8212150138980859,0.9775641025641025,0.9711664397030252,0.27988017984529456
2,1,6,SVM,"{'C': 10, 'gamma': 0.01, 'kernel': 'rbf'}",0.9966907182389599,0.970873786407767,0.9615384615384616,0.96,0.9375,1.0,0.9230769230769231,0.9230769230769231,1.0,0.9552238805970149,0.939012843656087,0.985176282051282,0.9842534288235647,0.11716797407141255
2,1,6,RF,"{'max_depth': None, 'min_samples_leaf': 3, 'min_samples_split': 5, 'n_estimators': 150}",0.986685040637322,0.9514563106796117,0.9459134615384616,0.935064935064935,0.9278350515463919,0.9473684210526315,0.9230769230769231,0.9230769230769231,0.96875,0.9538461538461539,0.8965084614012637,0.9819711538461539,0.9779442014678514,0.1632400873572885
2,1,6,LGBM,"{'learning_rate': 0.1, 'max_depth': -1, 'n_estimators': 150, 'num_leaves': 31}",0.9890642239567965,0.9611650485436893,0.9537259615384616,0.9473684210526315,0.9326424870466321,0.972972972972973,0.9230769230769231,0.9230769230769231,0.984375,0.9545454545454546,0.9174303138336344,0.9795673076923077,0.9780196156373564,0.27451034513537265
2,2,7,LR_ElasticNet,"{'C': 1, 'l1_ratio': 0}",0.9919297586795777,0.9902912621359223,0.986842105263158,0.9866666666666667,0.9788359788359787,1.0,0.9736842105263158,0.9736842105263158,1.0,0.9848484848484849,0.9792504375581025,0.9995951417004049,0.9993252361673411,0.046704423653766036
2,2,7,GNB,{'var_smoothing': np.float64(0.001)},0.9785181012669546,0.9611650485436893,0.952834008097166,0.9459459459459459,0.9308510638297871,0.9722222222222222,0.9210526315789473,0.9210526315789473,0.9846153846153847,0.9552238805970149,0.9164923742549432,0.9979757085020243,0.9965494580453029,0.21933249657789006
2,2,7,LDA,"{'shrinkage': None, 'solver': 'svd'}",0.9834893556145669,0.970873786407767,0.9605263157894737,0.958904109589041,0.9358288770053476,1.0,0.9210526315789473,0.9210526315789473,1.0,0.9558823529411765,0.9383058971659225,0.9987854251012146,0.9979916897506923,0.067122574768441
2,2,7,SVM,"{'C': 10, 'gamma': 0.01, 'kernel': 'rbf'}",0.9922409091315506,0.9805825242718447,0.9736842105263157,0.972972972972973,0.9574468085106381,1.0,0.9473684210526315,0.9473684210526315,1.0,0.9701492537313433,0.9586911737847864,0.9991902834008097,0.9986842105263156,0.045316806489433134
2,2,7,RF,"{'max_depth': None, 'min_samples_leaf': 3, 'min_samples_split': 5, 'n_estimators': 75}",0.9822152481603675,0.9902912621359223,0.9923076923076923,0.987012987012987,0.994764397905759,0.9743589743589743,1.0,1.0,0.9846153846153847,1.0,0.9794737547744264,1.0,1.0,0.06792288521329586
2,2,7,LGBM,"{'learning_rate': 0.1, 'max_depth': -1, 'n_estimators': 150, 'num_leaves': 31}",0.9871659379666139,0.9805825242718447,0.9736842105263157,0.972972972972973,0.9574468085106381,1.0,0.9473684210526315,0.9473684210526315,1.0,0.9701492537313433,0.9586911737847864,0.9995951417004049,0.9993252361673411,0.0332674012920947
2,3,8,LR_ElasticNet,"{'C': 1, 'l1_ratio': 0.25}",0.9951324624697121,0.9705882352941176,0.9605263157894737,0.958904109589041,0.9358288770053476,1.0,0.9210526315789473,0.9210526315789473,1.0,0.9552238805970149,0.9379826592058804,0.9893092105263158,0.9852136419272282,0.11486649958314861
2,3,8,GNB,{'var_smoothing': np.float64(0.01)},0.9900843146196007,0.9117647058823529,0.9029605263157895,0.88,0.873015873015873,0.8918918918918919,0.868421052631579,0.868421052631579,0.9375,0.9230769230769231,0.8104323076121643,0.9761513157894737,0.9693082343540009,0.8731247894788401
2,3,8,LDA,"{'shrinkage': None, 'solver': 'svd'}",0.9884543511887198,0.9313725490196079,0.9132401315789473,0.9014084507042254,0.8648648648648648,0.9696969696969697,0.8421052631578947,0.8421052631578947,0.984375,0.9130434782608695,0.8541472693442934,0.9925986842105263,0.9875497437966392,0.1600031174996436
2,3,8,SVM,"{'C': 10, 'gamma': 0.01, 'kernel': 'rbf'}",0.9941444703736488,0.9607843137254902,0.9473684210526316,0.9444444444444444,0.913978494623656,1.0,0.8947368421052632,0.8947368421052632,1.0,0.9411764705882353,0.9176629354822471,0.993421052631579,0.9903347883264779,0.09846594439459372
2,3,8,RF,"{'max_depth': None, 'min_samples_leaf': 3, 'min_samples_split': 5, 'n_estimators': 75}",0.9889577353969404,0.9117647058823529,0.9083059210526316,0.8831168831168831,0.8900523560209425,0.8717948717948718,0.8947368421052632,0.8947368421052632,0.921875,0.9365079365079365,0.8124467030316597,0.962171052631579,0.9612928795852929,0.5046433161443821
2,3,8,LGBM,"{'learning_rate': 0.05, 'max_depth': -1, 'n_estimators': 150, 'num_leaves': 31}",0.98783115617428,0.9411764705882353,0.9317434210526316,0.918918918918919,0.9042553191489363,0.9444444444444444,0.8947368421052632,0.8947368421052632,0.96875,0.9393939393939394,0.873603351065016,0.975328947368421,0.9711961100229562,0.23958275299207293
2,4,9,LR_ElasticNet,"{'C': 0.1, 'l1_ratio': 0}",0.9936017453036846,0.9607843137254902,0.9527138157894737,0.9459459459459459,0.9308510638297871,0.9722222222222222,0.9210526315789473,0.9210526315789473,0.984375,0.9545454545454546,0.916035513831031,0.998766447368421,0.9979214778383751,0.09820234552343135
2,4,9,GNB,{'var_smoothing': np.float64(0.001)},0.9804703915309854,0.9411764705882353,0.9317434210526316,0.918918918918919,0.9042553191489363,0.9444444444444444,0.8947368421052632,0.8947368421052632,0.96875,0.9393939393939394,0.873603351065016,0.9913651315789473,0.9859421427062991,0.527500784599435
2,4,9,LDA,"{'shrinkage': None, 'solver': 'svd'}",0.9860626056168021,0.9509803921568627,0.9395559210526316,0.9315068493150684,0.909090909090909,0.9714285714285714,0.8947368421052632,0.8947368421052632,0.984375,0.9402985074626866,0.895270948831327,0.9967105263157895,0.9946088910601443,0.12457256483560446
2,4,9,SVM,"{'C': 1, 'gamma': 0.01, 'kernel': 'rbf'}",0.9929186448861351,0.9607843137254902,0.9527138157894737,0.9459459459459459,0.9308510638297871,0.9722222222222222,0.9210526315789473,0.9210526315789473,0.984375,0.9545454545454546,0.916035513831031,0.9979440789473684,0.9966234453076557,0.06680627356002791
2,4,9,RF,"{'max_depth': None, 'min_samples_leaf': 3, 'min_samples_split': 5, 'n_estimators': 75}",0.9889613118389171,0.9509803921568627,0.9342105263157895,0.9295774647887324,0.8918918918918919,1.0,0.868421052631579,0.868421052631579,1.0,0.927536231884058,0.8974920561468396,0.9950657894736842,0.9921710545908236,0.12173540366776193
2,4,9,LGBM,"{'learning_rate': 0.05, 'max_depth': -1, 'n_estimators': 150, 'num_leaves': 31}",0.9818862154985113,0.9705882352941176,0.9658717105263157,0.96,0.9523809523809523,0.972972972972973,0.9473684210526315,0.9473684210526315,0.984375,0.9692307692307692,0.9369589842087575,0.9971217105263158,0.9950235845380051,0.06827601000092652
2,5,10,LR_ElasticNet,"{'C': 1, 'l1_ratio': 1}",0.9936866858006312,0.9705882352941176,0.971217105263158,0.961038961038961,0.968586387434555,0.9487179487179487,0.9736842105263158,0.9736842105263158,0.96875,0.9841269841269841,0.9376273128643323,0.998766447368421,0.9979916897506924,0.05690926201003602
2,5,10,GNB,{'var_smoothing': np.float64(0.001)},0.9784362901567376,0.9313725490196079,0.9239309210526316,0.9066666666666666,0.8994708994708994,0.918918918918919,0.8947368421052632,0.8947368421052632,0.953125,0.9384615384615385,0.8526078664776954,0.9917763157894737,0.9870436363918521,0.516008478859722
2,5,10,LDA,"{'shrinkage': None, 'solver': 'svd'}",0.9910794595996174,0.9803921568627451,0.9736842105263157,0.972972972972973,0.9574468085106381,1.0,0.9473684210526315,0.9473684210526315,1.0,0.9696969696969697,0.958467676597046,0.9954769736842105,0.9940923737916219,0.07318611746091797
2,5,10,SVM,"{'C': 10, 'gamma': 0.01, 'kernel': 'rbf'}",0.9931564782775856,0.9901960784313726,0.9921875,0.987012987012987,0.994764397905759,0.9743589743589743,1.0,1.0,0.984375,1.0,0.9793541828085565,0.9995888157894737,0.9993252361673413,0.04657616307841725
2,5,10,RF,"{'max_depth': None, 'min_samples_leaf': 3, 'min_samples_split': 5, 'n_estimators': 150}",0.9863639208533389,0.9803921568627451,0.979029605263158,0.9736842105263158,0.9736842105263159,0.9736842105263158,0.9736842105263158,0.9736842105263158,0.984375,0.984375,0.9580592105263158,0.9991776315789473,0.998632715391718,0.10483698600039255
2,5,10,LGBM,"{'learning_rate': 0.05, 'max_depth': -1, 'n_estimators': 75, 'num_leaves': 31}",0.9874350652253606,0.9901960784313726,0.986842105263158,0.9866666666666667,0.9788359788359787,1.0,0.9736842105263158,0.9736842105263158,1.0,0.9846153846153847,0.9791345430742884,0.998766447368421,0.9980744544287546,0.07052701969789686
3,1,11,LR_ElasticNet,"{'C': 0.1, 'l1_ratio': 0.25}",0.9933441520703128,0.9805825242718447,0.9743589743589743,0.9736842105263158,0.9585492227979274,1.0,0.9487179487179487,0.9487179487179487,1.0,0.9696969696969697,0.9591501029395347,0.9963942307692307,0.9951923076923078,0.09998743584269905
3,1,11,GNB,{'var_smoothing': np.float64(0.01)},0.9847229598633799,0.9611650485436893,0.9587339743589743,0.9487179487179487,0.9487179487179486,0.9487179487179487,0.9487179487179487,0.9487179487179487,0.96875,0.96875,0.9174679487179487,0.9947916666666666,0.9922883378260953,0.28757893441233545
3,1,11,LDA,"{'shrinkage': None, 'solver': 'svd'}",0.9817946585839078,0.9611650485436893,0.9537259615384616,0.9473684210526315,0.9326424870466321,0.972972972972973,0.9230769230769231,0.9230769230769231,0.984375,0.9545454545454546,0.9174303138336344,0.9951923076923077,0.9929813385190961,0.08691630878371642
3,1,11,SVM,"{'C': 1, 'gamma': 0.01, 'kernel': 'rbf'}",0.9931052457462693,0.9805825242718447,0.9743589743589743,0.9736842105263158,0.9585492227979274,1.0,0.9487179487179487,0.9487179487179487,1.0,0.9696969696969697,0.9591501029395347,0.9967948717948718,0.9952991452991454,0.06816899515758341
3,1,11,RF,"{'max_depth': None, 'min_samples_leaf': 3, 'min_samples_split': 5, 'n_estimators': 150}",0.9871130066253588,0.941747572815534,0.9431089743589743,0.925,0.9390862944162437,0.9024390243902439,0.9487179487179487,0.9487179487179487,0.9375,0.967741935483871,0.8781628466708516,0.9899839743589745,0.9862442178923307,0.14015709043017477
3,1,11,LGBM,"{'learning_rate': 0.05, 'max_depth': -1, 'n_estimators': 150, 'num_leaves': 31}",0.9882137460547376,0.941747572815534,0.9330929487179487,0.9210526315789473,0.9067357512953368,0.9459459459459459,0.8974358974358975,0.8974358974358975,0.96875,0.9393939393939394,0.875710524727734,0.9815705128205128,0.9784886349685445,0.19068692116353095
3,2,12,LR_ElasticNet,"{'C': 0.1, 'l1_ratio': 0.25}",0.9942338814230663,0.9805825242718447,0.9736842105263157,0.972972972972973,0.9574468085106381,1.0,0.9473684210526315,0.9473684210526315,1.0,0.9701492537313433,0.9586911737847864,0.9931174089068826,0.9912026073893003,0.1263832179554392
3,2,12,GNB,{'var_smoothing': np.float64(1e-09)},0.988040378029917,0.9029126213592233,0.895748987854251,0.868421052631579,0.8684210526315791,0.868421052631579,0.868421052631579,0.868421052631579,0.9230769230769231,0.9230769230769231,0.791497975708502,0.977327935222672,0.9709952555412816,0.9450211487618695
3,2,12,LDA,"{'shrinkage': None, 'solver': 'svd'}",0.9906484983414249,0.9805825242718447,0.9791497975708503,0.9736842105263158,0.9736842105263159,0.9736842105263158,0.9736842105263158,0.9736842105263158,0.9846153846153847,0.9846153846153847,0.9582995951417004,0.9987854251012145,0.9980744544287546,0.06314173760221364
3,2,12,SVM,"{'C': 1, 'gamma': 0.01, 'kernel': 'rbf'}",0.9933156299455487,0.970873786407767,0.9605263157894737,0.958904109589041,0.9358288770053476,1.0,0.9210526315789473,0.9210526315789473,1.0,0.9558823529411765,0.9383058971659225,0.9935222672064776,0.9918596142789943,0.09051609088044865
3,2,12,RF,"{'max_depth': None, 'min_samples_leaf': 3, 'min_samples_split': 5, 'n_estimators': 75}",0.9906592276673551,0.9514563106796117,0.9506072874493927,0.935064935064935,0.9424083769633508,0.9230769230769231,0.9473684210526315,0.9473684210526315,0.9538461538461539,0.96875,0.8965084614012637,0.9732793522267207,0.9754063827860994,0.46664445850044567
3,2,12,LGBM,"{'learning_rate': 0.05, 'max_depth': -1, 'n_estimators': 75, 'num_leaves': 31}",0.990949813577962,0.970873786407767,0.9605263157894737,0.958904109589041,0.9358288770053476,1.0,0.9210526315789473,0.9210526315789473,1.0,0.9558823529411765,0.9383058971659225,0.9858299595141701,0.9827274815516694,0.12000009287621502
3,3,13,LR_ElasticNet,"{'C': 0.1, 'l1_ratio': 0}",0.9908389438766844,0.9705882352941176,0.9605263157894737,0.958904109589041,0.9358288770053476,1.0,0.9210526315789473,0.9210526315789473,1.0,0.9552238805970149,0.9379826592058804,0.9967105263157895,0.9950619555882712,0.10776874141040317
3,3,13,GNB,{'var_smoothing': np.float64(0.01)},0.9808222240104433,0.9117647058823529,0.8976151315789473,0.8767123287671232,0.855614973262032,0.9142857142857143,0.8421052631578947,0.8421052631578947,0.953125,0.9104477611940298,0.8098475280822199,0.9703947368421053,0.9170024131853141,1.407344372361015
3,3,13,LDA,"{'shrinkage': None, 'solver': 'svd'}",0.980596908165911,0.9215686274509803,0.9000822368421053,0.8857142857142857,0.842391304347826,0.96875,0.8157894736842105,0.8157894736842105,0.984375,0.9,0.8337522932581102,0.9942434210526316,0.9898301954538221,0.19030779428008862
3,3,13,SVM,"{'C': 10, 'gamma': 0.01, 'kernel': 'rbf'}",0.9930688554491564,0.9607843137254902,0.9580592105263157,0.9473684210526315,0.9473684210526314,0.9473684210526315,0.9473684210526315,0.9473684210526315,0.96875,0.96875,0.9161184210526315,0.9946546052631579,0.991504714982269,0.09915803104828035
3,3,13,RF,"{'max_depth': None, 'min_samples_leaf': 3, 'min_samples_split': 5, 'n_estimators': 150}",0.9843155137111843,0.9705882352941176,0.9658717105263157,0.96,0.9523809523809523,0.972972972972973,0.9473684210526315,0.9473684210526315,0.984375,0.9692307692307692,0.9369589842087575,0.9954769736842105,0.9923786532919661,0.11407327702034195
3,3,13,LGBM,"{'learning_rate': 0.1, 'max_depth': -1, 'n_estimators': 150, 'num_leaves': 31}",0.9844290657439446,0.9411764705882353,0.9317434210526316,0.918918918918919,0.9042553191489363,0.9444444444444444,0.8947368421052632,0.8947368421052632,0.96875,0.9393939393939394,0.873603351065016,0.9950657894736842,0.992254438930339,0.15463806996849405
3,4,14,LR_ElasticNet,"{'C': 1, 'l1_ratio': 0.25}",0.9941444703736488,0.9607843137254902,0.9527138157894737,0.9459459459459459,0.9308510638297871,0.9722222222222222,0.9210526315789473,0.9210526315789473,0.984375,0.9545454545454546,0.916035513831031,0.9925986842105263,0.9898401408927723,0.09379914378276645
3,4,14,GNB,{'var_smoothing': np.float64(1e-09)},0.9839471401875843,0.9509803921568627,0.9449013157894737,0.9333333333333333,0.9259259259259259,0.9459459459459459,0.9210526315789473,0.9210526315789473,0.96875,0.9538461538461539,0.8947834253432264,0.9872532894736843,0.9839411346313078,0.5534699765858262
3,4,14,LDA,"{'shrinkage': None, 'solver': 'svd'}",0.9860089589871516,0.9607843137254902,0.9473684210526316,0.9444444444444444,0.913978494623656,1.0,0.8947368421052632,0.8947368421052632,1.0,0.9411764705882353,0.9176629354822471,0.9864309210526316,0.98321044999003,0.16095402326013022
3,4,14,SVM,"{'C': 1, 'gamma': 0.01, 'kernel': 'rbf'}",0.9937465912037409,0.9607843137254902,0.9473684210526316,0.9444444444444444,0.913978494623656,1.0,0.8947368421052632,0.8947368421052632,1.0,0.9411764705882353,0.9176629354822471,0.9950657894736842,0.9926315815903914,0.07470528690864237
3,4,14,RF,"{'max_depth': None, 'min_samples_leaf': 3, 'min_samples_split': 5, 'n_estimators': 150}",0.9876353459760557,0.9705882352941176,0.9658717105263157,0.96,0.9523809523809523,0.972972972972973,0.9473684210526315,0.9473684210526315,0.984375,0.9692307692307692,0.9369589842087575,0.9909539473684211,0.9885873970597974,0.11511772712795836
3,4,14,LGBM,"{'learning_rate': 0.1, 'max_depth': -1, 'n_estimators': 150, 'num_leaves': 31}",0.988255858659013,0.9705882352941176,0.971217105263158,0.961038961038961,0.968586387434555,0.9487179487179487,0.9736842105263158,0.9736842105263158,0.96875,0.9841269841269841,0.9376273128643323,0.9930098684210527,0.9918660287081338,0.13858432614329583
3,5,15,LR_ElasticNet,"{'C': 1, 'l1_ratio': 0}",0.9970896703414608,0.9705882352941176,0.9605263157894737,0.958904109589041,0.9358288770053476,1.0,0.9210526315789473,0.9210526315789473,1.0,0.9552238805970149,0.9379826592058804,0.984375,0.9868421052631577,0.12124059657329794
3,5,15,GNB,{'var_smoothing': np.float64(0.01)},0.9861484402242429,0.9411764705882353,0.9263980263157895,0.9166666666666666,0.8870967741935484,0.9705882352941176,0.868421052631579,0.868421052631579,0.984375,0.9264705882352942,0.8746474853815167,0.9901315789473684,0.9833293600564679,0.657591637279873
3,5,15,LDA,"{'shrinkage': None, 'solver': 'svd'}",0.9898938690843414,0.9117647058823529,0.881578947368421,0.8656716417910447,0.8011049723756906,1.0,0.7631578947368421,0.7631578947368421,1.0,0.8767123287671232,0.8179669523347212,0.9794407894736843,0.9775393695102736,0.2768398222138537
3,5,15,SVM,"{'C': 10, 'gamma': 0.01, 'kernel': 'rbf'}",0.9977039242509589,0.9509803921568627,0.9342105263157895,0.9295774647887324,0.8918918918918919,1.0,0.868421052631579,0.868421052631579,1.0,0.927536231884058,0.8974920561468396,0.9802631578947368,0.9833119383825415,0.13448385884210093
3,5,15,RF,"{'max_depth': None, 'min_samples_leaf': 3, 'min_samples_split': 5, 'n_estimators': 150}",0.9896140124996647,0.9215686274509803,0.9000822368421053,0.8857142857142857,0.842391304347826,0.96875,0.8157894736842105,0.8157894736842105,0.984375,0.9,0.8337522932581102,0.9851973684210525,0.9774974438795845,0.17162665994649834
3,5,15,LGBM,"{'learning_rate': 0.1, 'max_depth': -1, 'n_estimators': 150, 'num_leaves': 31}",0.9938064966068506,0.9803921568627451,0.9736842105263157,0.972972972972973,0.9574468085106381,1.0,0.9473684210526315,0.9473684210526315,1.0,0.9696969696969697,0.958467676597046,0.9765625,0.9777839335180054,0.27155217127315473
4,1,16,LR_ElasticNet,"{'C': 0.1, 'l1_ratio': 0.25}",0.9938328728664289,0.9611650485436893,0.9487179487179487,0.9459459459459459,0.9162303664921465,1.0,0.8974358974358975,0.8974358974358975,1.0,0.9411764705882353,0.9190460002240929,0.9959935897435898,0.994353518821604,0.1392928904235051
4,1,16,GNB,{'var_smoothing': np.float64(0.001)},0.9809569664619154,0.9223300970873787,0.9074519230769231,0.8918918918918919,0.8638743455497382,0.9428571428571428,0.8461538461538461,0.8461538461538461,0.96875,0.9117647058823529,0.8345265912749129,0.9903846153846154,0.9846691550445421,0.5189853139788981
4,1,16,LDA,"{'shrinkage': None, 'solver': 'svd'}",0.9824405640048998,0.9514563106796117,0.9358974358974359,0.9315068493150684,0.8947368421052632,1.0,0.8717948717948718,0.8717948717948718,1.0,0.927536231884058,0.8992337462309011,0.9879807692307692,0.9843024805790764,0.17710695671144036
4,1,16,SVM,"{'C': 10, 'gamma': 0.01, 'kernel': 'rbf'}",0.9950628112622156,0.9611650485436893,0.9587339743589743,0.9487179487179487,0.9487179487179486,0.9487179487179487,0.9487179487179487,0.9487179487179487,0.96875,0.96875,0.9174679487179487,0.9947916666666666,0.9927503052503054,0.0951297264412456
4,1,16,RF,"{'max_depth': None, 'min_samples_leaf': 3, 'min_samples_split': 5, 'n_estimators': 75}",0.9845815115832015,0.9320388349514563,0.9202724358974359,0.9066666666666666,0.8854166666666669,0.9444444444444444,0.8717948717948718,0.8717948717948718,0.96875,0.9253731343283582,0.8550559661416972,0.985176282051282,0.9774538470353566,0.16541014749863725
4,1,16,LGBM,"{'learning_rate': 0.1, 'max_depth': -1, 'n_estimators': 75, 'num_leaves': 31}",0.9896899224806202,0.9320388349514563,0.9152644230769231,0.9041095890410958,0.8684210526315789,0.9705882352941176,0.8461538461538461,0.8461538461538461,0.984375,0.9130434782608695,0.8566689135738318,0.9803685897435898,0.975712727055856,0.22784853740644495
4,2,17,LR_ElasticNet,"{'C': 0.1, 'l1_ratio': 0}",0.9941230117217885,0.9902912621359223,0.986842105263158,0.9866666666666667,0.9788359788359787,1.0,0.9736842105263158,0.9736842105263158,1.0,0.9848484848484849,0.9792504375581025,1.0,0.9999999999999998,0.07886786921539389
4,2,17,GNB,{'var_smoothing': np.float64(0.01)},0.9809777992364297,0.9223300970873787,0.9220647773279352,0.8974358974358975,0.9114583333333334,0.875,0.9210526315789473,0.9210526315789473,0.9230769230769231,0.9523809523809523,0.8357132970487446,0.9902834008097166,0.9846339030127164,0.45225691854379013
4,2,17,LDA,"{'shrinkage': None, 'solver': 'svd'}",0.9887583487567393,0.9805825242718447,0.9791497975708503,0.9736842105263158,0.9736842105263159,0.9736842105263158,0.9736842105263158,0.9736842105263158,0.9846153846153847,0.9846153846153847,0.9582995951417004,0.9987854251012145,0.9980744544287546,0.050071865441355966
4,2,17,SVM,"{'C': 1, 'gamma': 0.01, 'kernel': 'rbf'}",0.9935892277567663,1.0,1.0,1.0,1.0,1.0,1.0,1.0,1.0,1.0,1.0,1.0,0.9999999999999998,0.048625307833213366
4,2,17,RF,"{'max_depth': None, 'min_samples_leaf': 3, 'min_samples_split': 5, 'n_estimators': 150}",0.9855976681598312,0.9805825242718447,0.9736842105263157,0.972972972972973,0.9574468085106381,1.0,0.9473684210526315,0.9473684210526315,1.0,0.9701492537313433,0.9586911737847864,0.9991902834008097,0.9986842105263156,0.09736329960658929
4,2,17,LGBM,"{'learning_rate': 0.05, 'max_depth': -1, 'n_estimators': 150, 'num_leaves': 31}",0.9918877354863515,0.9514563106796117,0.939676113360324,0.9315068493150684,0.909090909090909,0.9714285714285714,0.8947368421052632,0.8947368421052632,0.9846153846153847,0.9411764705882353,0.8958243554480808,0.9951417004048583,0.9926315815903914,0.12679942374175976
4,3,18,LR_ElasticNet,"{'C': 1, 'l1_ratio': 0}",0.9964137228078647,0.9803921568627451,0.9736842105263157,0.972972972972973,0.9574468085106381,1.0,0.9473684210526315,0.9473684210526315,1.0,0.9696969696969697,0.958467676597046,0.9810855263157894,0.9802232854864432,0.13022380516567095
4,3,18,GNB,{'var_smoothing': np.float64(0.01)},0.9871328558783293,0.9509803921568627,0.9449013157894737,0.9333333333333333,0.9259259259259259,0.9459459459459459,0.9210526315789473,0.9210526315789473,0.96875,0.9538461538461539,0.8947834253432264,0.9905427631578947,0.987868052999632,0.5008634808000086
4,3,18,LDA,"{'shrinkage': None, 'solver': 'svd'}",0.9832461575601513,0.9607843137254902,0.9473684210526316,0.9444444444444444,0.913978494623656,1.0,0.8947368421052632,0.8947368421052632,1.0,0.9411764705882353,0.9176629354822471,0.9827302631578947,0.9805081070712253,0.18094925492598993
4,3,18,SVM,"{'C': 10, 'gamma': 0.01, 'kernel': 'rbf'}",0.9965675098128627,0.9901960784313726,0.986842105263158,0.9866666666666667,0.9788359788359787,1.0,0.9736842105263158,0.9736842105263158,1.0,0.9846153846153847,0.9791345430742884,0.9851973684210527,0.9871977240398291,0.09972315810433681
4,3,18,RF,"{'max_depth': None, 'min_samples_leaf': 3, 'min_samples_split': 5, 'n_estimators': 75}",0.9875816993464053,0.9411764705882353,0.9424342105263157,0.9230769230769231,0.9375000000000001,0.9,0.9473684210526315,0.9473684210526315,0.9375,0.967741935483871,0.8762633373209033,0.9905427631578947,0.9880219590745906,0.13024505951698276
4,3,18,LGBM,"{'learning_rate': 0.1, 'max_depth': -1, 'n_estimators': 150, 'num_leaves': 31}",0.9919100882487056,0.9705882352941176,0.971217105263158,0.961038961038961,0.968586387434555,0.9487179487179487,0.9736842105263158,0.9736842105263158,0.96875,0.9841269841269841,0.9376273128643323,0.9876644736842106,0.9874319673488647,0.19230572181281272
4,4,19,LR_ElasticNet,"{'C': 0.1, 'l1_ratio': 0.25}",0.9939137898661516,0.9313725490196079,0.9132401315789473,0.9014084507042254,0.8648648648648648,0.9696969696969697,0.8421052631578947,0.8421052631578947,0.984375,0.9130434782608695,0.8541472693442934,0.993421052631579,0.9898077475399809,0.12184622223588255
4,4,19,GNB,{'var_smoothing': np.float64(1e-09)},0.9814829716656385,0.9509803921568627,0.9342105263157895,0.9295774647887324,0.8918918918918919,1.0,0.868421052631579,0.868421052631579,1.0,0.927536231884058,0.8974920561468396,0.9864309210526316,0.9818179256367751,0.5834179774645549
4,4,19,LDA,"{'shrinkage': None, 'solver': 'svd'}",0.9806729075579161,0.9313725490196079,0.9078947368421053,0.8985507246376812,0.8469945355191256,1.0,0.8157894736842105,0.8157894736842105,1.0,0.9014084507042254,0.8575310639122641,0.9930098684210527,0.9890903934875481,0.1917436945530978
4,4,19,SVM,"{'C': 10, 'gamma': 'scale', 'kernel': 'rbf'}",0.995812880555779,0.9509803921568627,0.9449013157894737,0.9333333333333333,0.9259259259259259,0.9459459459459459,0.9210526315789473,0.9210526315789473,0.96875,0.9538461538461539,0.8947834253432264,0.9938322368421053,0.9908316553681289,0.11193285783873169
4,4,19,RF,"{'max_depth': None, 'min_samples_leaf': 3, 'min_samples_split': 5, 'n_estimators': 150}",0.9878865910249188,0.9509803921568627,0.9449013157894737,0.9333333333333333,0.9259259259259259,0.9459459459459459,0.9210526315789473,0.9210526315789473,0.96875,0.9538461538461539,0.8947834253432264,0.9880756578947368,0.9834140541522961,0.13869988684851334
4,4,19,LGBM,"{'learning_rate': 0.05, 'max_depth': -1, 'n_estimators': 150, 'num_leaves': 31}",0.9890507228883344,0.9509803921568627,0.9449013157894737,0.9333333333333333,0.9259259259259259,0.9459459459459459,0.9210526315789473,0.9210526315789473,0.96875,0.9538461538461539,0.8947834253432264,0.9901315789473684,0.9848626654325889,0.16072419857900083
4,5,20,LR_ElasticNet,"{'C': 0.1, 'l1_ratio': 0}",0.9920084404030649,0.9705882352941176,0.9605263157894737,0.958904109589041,0.9358288770053476,1.0,0.9210526315789473,0.9210526315789473,1.0,0.9552238805970149,0.9379826592058804,0.994654605263158,0.9925438596491227,0.10980769890913648
4,5,20,GNB,{'var_smoothing': np.float64(0.001)},0.9880457426928819,0.9019607843137255,0.8951480263157895,0.868421052631579,0.8684210526315791,0.868421052631579,0.868421052631579,0.868421052631579,0.921875,0.921875,0.790296052631579,0.9765625,0.9688288341775968,1.0017486987977
4,5,20,LDA,"{'shrinkage': None, 'solver': 'svd'}",0.9814740305606966,0.9509803921568627,0.9395559210526316,0.9315068493150684,0.909090909090909,0.9714285714285714,0.8947368421052632,0.8947368421052632,0.984375,0.9402985074626866,0.895270948831327,0.9950657894736842,0.992093850375584,0.13252384593901664
4,5,20,SVM,"{'C': 10, 'gamma': 0.01, 'kernel': 'rbf'}",0.9928480101570951,0.9705882352941176,0.9605263157894737,0.958904109589041,0.9358288770053476,1.0,0.9210526315789473,0.9210526315789473,1.0,0.9552238805970149,0.9379826592058804,0.9979440789473684,0.9966706960997886,0.059235362493904986
4,5,20,RF,"{'max_depth': None, 'min_samples_leaf': 3, 'min_samples_split': 5, 'n_estimators': 150}",0.9875879581198644,0.9411764705882353,0.9317434210526316,0.918918918918919,0.9042553191489363,0.9444444444444444,0.8947368421052632,0.8947368421052632,0.96875,0.9393939393939394,0.873603351065016,0.9759457236842105,0.9754468886892371,0.17352502505451312
4,5,20,LGBM,"{'learning_rate': 0.1, 'max_depth': -1, 'n_estimators': 150, 'num_leaves': 31}",0.9859866062247974,0.9607843137254902,0.9580592105263157,0.9473684210526315,0.9473684210526314,0.9473684210526315,0.9473684210526315,0.9473684210526315,0.96875,0.96875,0.9161184210526315,0.9913651315789473,0.9869878512499963,0.2536325804725944
5,1,21,LR_ElasticNet,"{'C': 0.1, 'l1_ratio': 0}",0.994642042863657,0.9611650485436893,0.9487179487179487,0.9459459459459459,0.9162303664921465,1.0,0.8974358974358975,0.8974358974358975,1.0,0.9411764705882353,0.9190460002240929,0.9931891025641025,0.9899209630732588,0.12421727722967547
5,1,21,GNB,{'var_smoothing': np.float64(0.01)},0.9870201979560633,0.9320388349514563,0.9152644230769231,0.9041095890410958,0.8684210526315789,0.9705882352941176,0.8461538461538461,0.8461538461538461,0.984375,0.9130434782608695,0.8566689135738318,0.9867788461538461,0.9828520588298946,0.7276896568142788
5,1,21,LDA,"{'shrinkage': None, 'solver': 'svd'}",0.989657108625484,0.9320388349514563,0.9152644230769231,0.9041095890410958,0.8684210526315789,0.9705882352941176,0.8461538461538461,0.8461538461538461,0.984375,0.9130434782608695,0.8566689135738318,0.984375,0.9808023617146758,0.19907307137301658
5,1,21,SVM,"{'C': 1, 'gamma': 0.01, 'kernel': 'rbf'}",0.9952485180118561,0.970873786407767,0.9615384615384616,0.96,0.9375,1.0,0.9230769230769231,0.9230769230769231,1.0,0.9552238805970149,0.939012843656087,0.9927884615384615,0.9898625460917821,0.1060780923665559
5,1,21,RF,"{'max_depth': None, 'min_samples_leaf': 3, 'min_samples_split': 5, 'n_estimators': 75}",0.991328469372245,0.9611650485436893,0.9487179487179487,0.9459459459459459,0.9162303664921465,1.0,0.8974358974358975,0.8974358974358975,1.0,0.9411764705882353,0.9190460002240929,0.9803685897435896,0.9803337009370385,0.16104175303052456
5,1,21,LGBM,"{'learning_rate': 0.1, 'max_depth': -1, 'n_estimators': 150, 'num_leaves': 31}",0.9906564559248231,0.941747572815534,0.9280849358974359,0.918918918918919,0.8900523560209425,0.9714285714285714,0.8717948717948718,0.8717948717948718,0.984375,0.9264705882352942,0.8767862957495028,0.9871794871794872,0.9825745479591634,0.26885942857616835
5,2,22,LR_ElasticNet,"{'C': 1, 'l1_ratio': 0}",0.9964807810949278,0.9805825242718447,0.9736842105263157,0.972972972972973,0.9574468085106381,1.0,0.9473684210526315,0.9473684210526315,1.0,0.9701492537313433,0.9586911737847864,0.9874493927125507,0.9872600559953268,0.10013712936526031
5,2,22,GNB,{'var_smoothing': np.float64(1e-09)},0.9802732401670199,0.9611650485436893,0.9582995951417004,0.9473684210526315,0.9473684210526314,0.9473684210526315,0.9473684210526315,0.9473684210526315,0.9692307692307692,0.9692307692307692,0.9165991902834008,0.991497975708502,0.9868569637835828,0.4527860948936695
5,2,22,LDA,"{'shrinkage': None, 'solver': 'svd'}",0.9812031150809618,0.9514563106796117,0.9342105263157895,0.9295774647887324,0.8918918918918919,1.0,0.868421052631579,0.868421052631579,1.0,0.9285714285714286,0.8979927491041388,0.9850202429149797,0.9829711375212222,0.17261514405175443
5,2,22,SVM,"{'C': 10, 'gamma': 'scale', 'kernel': 'rbf'}",0.9961732070849315,0.970873786407767,0.965991902834008,0.96,0.9523809523809523,0.972972972972973,0.9473684210526315,0.9473684210526315,0.9846153846153847,0.9696969696969697,0.9373116454298345,0.9858299595141701,0.9841604691075513,0.1193343151303994
5,2,22,RF,"{'max_depth': None, 'min_samples_leaf': 3, 'min_samples_split': 5, 'n_estimators': 75}",0.9869737042103663,0.9514563106796117,0.9451417004048583,0.9333333333333333,0.9259259259259259,0.9459459459459459,0.9210526315789473,0.9210526315789473,0.9692307692307692,0.9545454545454546,0.8953728533015665,0.9914979757085021,0.9883232941641157,0.12135232000764004
5,2,22,LGBM,"{'learning_rate': 0.1, 'max_depth': -1, 'n_estimators': 150, 'num_leaves': 31}",0.9876585928489043,0.970873786407767,0.9605263157894737,0.958904109589041,0.9358288770053476,1.0,0.9210526315789473,0.9210526315789473,1.0,0.9558823529411765,0.9383058971659225,0.9874493927125506,0.9876975721036335,0.1553363962511528
5,3,23,LR_ElasticNet,"{'C': 0.1, 'l1_ratio': 0}",0.994677360228177,0.9607843137254902,0.9473684210526316,0.9444444444444444,0.913978494623656,1.0,0.8947368421052632,0.8947368421052632,1.0,0.9411764705882353,0.9176629354822471,0.9946546052631579,0.992393412176003,0.11373946069402266
5,3,23,GNB,{'var_smoothing': np.float64(0.01)},0.9839069052153465,0.9313725490196079,0.9185855263157895,0.9041095890410958,0.8823529411764707,0.9428571428571428,0.868421052631579,0.868421052631579,0.96875,0.9253731343283582,0.8525592384567735,0.984375,0.9804905356674123,0.5220141317982251
5,3,23,LDA,"{'shrinkage': None, 'solver': 'svd'}",0.9885643267795033,0.9313725490196079,0.9132401315789473,0.9014084507042254,0.8648648648648648,0.9696969696969697,0.8421052631578947,0.8421052631578947,0.984375,0.9130434782608695,0.8541472693442934,0.9864309210526316,0.9809384998865268,0.19235311896420063
5,3,23,SVM,"{'C': 1, 'gamma': 0.01, 'kernel': 'rbf'}",0.994140893931672,0.9607843137254902,0.9473684210526316,0.9444444444444444,0.913978494623656,1.0,0.8947368421052632,0.8947368421052632,1.0,0.9411764705882353,0.9176629354822471,0.9938322368421053,0.9909628305624945,0.09428728293887195
5,3,23,RF,"{'max_depth': None, 'min_samples_leaf': 3, 'min_samples_split': 5, 'n_estimators': 150}",0.989344885240918,0.9509803921568627,0.9502467105263157,0.935064935064935,0.9424083769633508,0.9230769230769231,0.9473684210526315,0.9473684210526315,0.953125,0.9682539682539683,0.8959004429201081,0.9851973684210527,0.9803266430903249,0.14950039158560194
5,3,23,LGBM,"{'learning_rate': 0.1, 'max_depth': -1, 'n_estimators': 150, 'num_leaves': 31}",0.9907119801865113,0.9313725490196079,0.9239309210526316,0.9066666666666666,0.8994708994708994,0.918918918918919,0.8947368421052632,0.8947368421052632,0.953125,0.9384615384615385,0.8526078664776954,0.9851973684210527,0.9816039920889799,0.25245462167032323
5,4,24,LR_ElasticNet,"{'C': 1, 'l1_ratio': 1}",0.9932244306751428,0.9607843137254902,0.9580592105263157,0.9473684210526315,0.9473684210526314,0.9473684210526315,0.9473684210526315,0.9473684210526315,0.96875,0.96875,0.9161184210526315,0.9983552631578947,0.9973346828609985,0.06452501115065218
5,4,24,GNB,{'var_smoothing': np.float64(0.01)},0.9866375186645565,0.8921568627450981,0.8873355263157895,0.8571428571428571,0.8638743455497381,0.8461538461538461,0.868421052631579,0.868421052631579,0.90625,0.9206349206349206,0.7707198330874354,0.9806743421052632,0.9707936972061642,1.01433478681375
5,4,24,LDA,"{'shrinkage': None, 'solver': 'svd'}",0.9782158919199236,0.9607843137254902,0.9473684210526316,0.9444444444444444,0.913978494623656,1.0,0.8947368421052632,0.8947368421052632,1.0,0.9411764705882353,0.9176629354822471,0.9967105263157895,0.9950077249246223,0.11447272686859196
5,4,24,SVM,"{'C': 10, 'gamma': 0.01, 'kernel': 'rbf'}",0.9938377904741467,0.9901960784313726,0.986842105263158,0.9866666666666667,0.9788359788359787,1.0,0.9736842105263158,0.9736842105263158,1.0,0.9846153846153847,0.9791345430742884,0.9995888157894737,0.9993252361673413,0.05088321990191732
5,4,24,RF,"{'max_depth': None, 'min_samples_leaf': 3, 'min_samples_split': 5, 'n_estimators': 75}",0.9860357823019769,0.9509803921568627,0.9502467105263157,0.935064935064935,0.9424083769633508,0.9230769230769231,0.9473684210526315,0.9473684210526315,0.953125,0.9682539682539683,0.8959004429201081,0.9930098684210528,0.9885885043038574,0.1338351330462884
5,4,24,LGBM,"{'learning_rate': 0.1, 'max_depth': -1, 'n_estimators': 150, 'num_leaves': 31}",0.9862128161798235,0.9705882352941176,0.971217105263158,0.961038961038961,0.968586387434555,0.9487179487179487,0.9736842105263158,0.9736842105263158,0.96875,0.9841269841269841,0.9376273128643323,0.9975328947368421,0.9960136892100946,0.09368058785898731
5,5,25,LR_ElasticNet,"{'C': 1, 'l1_ratio': 0}",0.9928524807095661,0.9803921568627451,0.979029605263158,0.9736842105263158,0.9736842105263159,0.9736842105263158,0.9736842105263158,0.9736842105263158,0.984375,0.984375,0.9580592105263158,0.9995888157894737,0.9993252361673413,0.04896760561427067
5,5,25,GNB,{'var_smoothing': np.float64(1e-09)},0.9827204205895764,0.9411764705882353,0.9370888157894737,0.9210526315789473,0.9210526315789475,0.9210526315789473,0.9210526315789473,0.9210526315789473,0.953125,0.953125,0.8741776315789473,0.990953947368421,0.9855012433537409,0.6113172427045888
5,5,25,LDA,"{'shrinkage': None, 'solver': 'svd'}",0.9897087882120473,0.9705882352941176,0.9605263157894737,0.958904109589041,0.9358288770053476,1.0,0.9210526315789473,0.9210526315789473,1.0,0.9552238805970149,0.9379826592058804,0.9971217105263158,0.995339885212191,0.07940893286930227
5,5,25,SVM,"{'C': 10, 'gamma': 0.01, 'kernel': 'rbf'}",0.9933066888406069,0.9901960784313726,0.986842105263158,0.9866666666666667,0.9788359788359787,1.0,0.9736842105263158,0.9736842105263158,1.0,0.9846153846153847,0.9791345430742884,1.0,0.9999999999999998,0.0476982209961902
5,5,25,RF,"{'max_depth': None, 'min_samples_leaf': 3, 'min_samples_split': 5, 'n_estimators': 75}",0.9859177597167457,0.9705882352941176,0.9658717105263157,0.96,0.9523809523809523,0.972972972972973,0.9473684210526315,0.9473684210526315,0.984375,0.9692307692307692,0.9369589842087575,0.9954769736842105,0.9929303986794209,0.1133781417193877
5,5,25,LGBM,"{'learning_rate': 0.1, 'max_depth': -1, 'n_estimators': 150, 'num_leaves': 31}",0.9858533837611652,0.9803921568627451,0.9736842105263157,0.972972972972973,0.9574468085106381,1.0,0.9473684210526315,0.9473684210526315,1.0,0.9696969696969697,0.958467676597046,0.9983552631578947,0.9973819336531313,0.07873913923205023
6,1,26,LR_ElasticNet,"{'C': 1, 'l1_ratio': 0}",0.9928332573339413,0.9611650485436893,0.9537259615384616,0.9473684210526315,0.9326424870466321,0.972972972972973,0.9230769230769231,0.9230769230769231,0.984375,0.9545454545454546,0.9174303138336344,0.9879807692307692,0.9879521214647206,0.09802635938934737
6,1,26,GNB,{'var_smoothing': np.float64(1e-09)},0.9824042631188362,0.9223300970873787,0.9274839743589743,0.9024390243902439,0.92964824120603,0.8604651162790697,0.9487179487179487,0.9487179487179487,0.90625,0.9666666666666667,0.8409346965041554,0.9879807692307692,0.9821557793852258,0.65266725128963
6,1,26,LDA,"{'shrinkage': None, 'solver': 'svd'}",0.988751821750132,0.941747572815534,0.9230769230769231,0.9166666666666666,0.8730158730158731,1.0,0.8461538461538461,0.8461538461538461,1.0,0.9142857142857143,0.8795603297252405,0.9811698717948718,0.9793695534999883,0.21245199784008034
6,1,26,SVM,"{'C': 10, 'gamma': 0.01, 'kernel': 'rbf'}",0.9926067791457669,0.9902912621359223,0.9871794871794872,0.987012987012987,0.9793814432989689,1.0,0.9743589743589743,0.9743589743589743,1.0,0.9846153846153847,0.9794737547744264,0.9995993589743589,0.9993589743589745,0.047449461164797
6,1,26,RF,"{'max_depth': None, 'min_samples_leaf': 3, 'min_samples_split': 5, 'n_estimators': 75}",0.9844815500299525,0.941747572815534,0.9431089743589743,0.925,0.9390862944162437,0.9024390243902439,0.9487179487179487,0.9487179487179487,0.9375,0.967741935483871,0.8781628466708516,0.9935897435897435,0.9903834977633607,0.12781654697370626
6,1,26,LGBM,"{'learning_rate': 0.05, 'max_depth': -1, 'n_estimators': 150, 'num_leaves': 31}",0.9851461423602729,0.970873786407767,0.9715544871794872,0.9620253164556962,0.9693877551020408,0.95,0.9743589743589743,0.9743589743589743,0.96875,0.9841269841269841,0.9386072351740327,0.9987980769230769,0.9981684981684983,0.048588784293290374
6,2,27,LR_ElasticNet,"{'C': 0.1, 'l1_ratio': 0.25}",0.9926003415502088,0.9805825242718447,0.9736842105263157,0.972972972972973,0.9574468085106381,1.0,0.9473684210526315,0.9473684210526315,1.0,0.9701492537313433,0.9586911737847864,1.0,0.9999999999999998,0.07320948497970184
6,2,27,GNB,{'var_smoothing': np.float64(1e-09)},0.9785628067916633,0.9902912621359223,0.986842105263158,0.9866666666666667,0.9788359788359787,1.0,0.9736842105263158,0.9736842105263158,1.0,0.9848484848484849,0.9792504375581025,0.9995951417004049,0.9993252361673415,0.057533036767055075
6,2,27,LDA,"{'shrinkage': None, 'solver': 'svd'}",0.9822447538066754,0.970873786407767,0.9605263157894737,0.958904109589041,0.9358288770053476,1.0,0.9210526315789473,0.9210526315789473,1.0,0.9558823529411765,0.9383058971659225,0.994331983805668,0.9929149797570848,0.09830505445349731
6,2,27,SVM,"{'C': 10, 'gamma': 'scale', 'kernel': 'rbf'}",0.9945781139633235,0.9611650485436893,0.9582995951417004,0.9473684210526315,0.9473684210526314,0.9473684210526315,0.9473684210526315,0.9473684210526315,0.9692307692307692,0.9692307692307692,0.9165991902834008,0.9959514170040485,0.994073813295781,0.08025568927753951
6,2,27,RF,"{'max_depth': None, 'min_samples_leaf': 3, 'min_samples_split': 5, 'n_estimators': 75}",0.9871677261876023,0.970873786407767,0.965991902834008,0.96,0.9523809523809523,0.972972972972973,0.9473684210526315,0.9473684210526315,0.9846153846153847,0.9696969696969697,0.9373116454298345,0.9983805668016194,0.9971904836863286,0.06849998358155893
6,2,27,LGBM,"{'learning_rate': 0.1, 'max_depth': -1, 'n_estimators': 150, 'num_leaves': 31}",0.9894611196051608,0.9805825242718447,0.9736842105263157,0.972972972972973,0.9574468085106381,1.0,0.9473684210526315,0.9473684210526315,1.0,0.9701492537313433,0.9586911737847864,0.9995951417004049,0.9993252361673411,0.03571453432342582
6,3,28,LR_ElasticNet,"{'C': 1, 'l1_ratio': 0.75}",0.99337374712767,0.9705882352941176,0.9658717105263157,0.96,0.9523809523809523,0.972972972972973,0.9473684210526315,0.9473684210526315,0.984375,0.9692307692307692,0.9369589842087575,0.9962993421052632,0.9945026744195717,0.07225714501593809
6,3,28,GNB,{'var_smoothing': np.float64(0.01)},0.9796196453957781,0.9019607843137255,0.8898026315789473,0.8648648648648649,0.851063829787234,0.8888888888888888,0.8421052631578947,0.8421052631578947,0.9375,0.9090909090909091,0.7887390255329858,0.984375,0.9753066830145659,0.8074083764176763
6,3,28,LDA,"{'shrinkage': None, 'solver': 'svd'}",0.9833918975707018,0.9509803921568627,0.9342105263157895,0.9295774647887324,0.8918918918918919,1.0,0.868421052631579,0.868421052631579,1.0,0.927536231884058,0.8974920561468396,0.9942434210526316,0.9912662966378489,0.1429317147470889
6,3,28,SVM,"{'C': 10, 'gamma': 0.01, 'kernel': 'rbf'}",0.9942070581082411,0.9803921568627451,0.9736842105263157,0.972972972972973,0.9574468085106381,1.0,0.9473684210526315,0.9473684210526315,1.0,0.9696969696969697,0.958467676597046,0.9971217105263158,0.9959064327485379,0.06212288935191
6,3,28,RF,"{'max_depth': None, 'min_samples_leaf': 3, 'min_samples_split': 5, 'n_estimators': 75}",0.9873170426401295,0.9509803921568627,0.9395559210526316,0.9315068493150684,0.909090909090909,0.9714285714285714,0.8947368421052632,0.8947368421052632,0.984375,0.9402985074626866,0.895270948831327,0.9917763157894737,0.9870244812525597,0.13539056672211258
6,3,28,LGBM,"{'learning_rate': 0.1, 'max_depth': -1, 'n_estimators': 150, 'num_leaves': 31}",0.9909292490365958,0.9411764705882353,0.9317434210526316,0.918918918918919,0.9042553191489363,0.9444444444444444,0.8947368421052632,0.8947368421052632,0.96875,0.9393939393939394,0.873603351065016,0.9913651315789473,0.9866077601640932,0.2735155465836486
6,4,29,LR_ElasticNet,"{'C': 1, 'l1_ratio': 0}",0.9980946505369134,0.9705882352941176,0.9658717105263157,0.96,0.9523809523809523,0.972972972972973,0.9473684210526315,0.9473684210526315,0.984375,0.9692307692307692,0.9369589842087575,0.9835526315789473,0.9832915622389304,0.13674966878524433
6,4,29,GNB,{'var_smoothing': np.float64(1e-09)},0.9862736156934274,0.9215686274509803,0.9054276315789473,0.8888888888888888,0.8602150537634408,0.9411764705882353,0.8421052631578947,0.8421052631578947,0.96875,0.9117647058823529,0.8316320352807864,0.9757401315789473,0.9685565538896763,0.9364450457704553
6,4,29,LDA,"{'shrinkage': None, 'solver': 'svd'}",0.991215364394732,0.9215686274509803,0.9054276315789473,0.8888888888888888,0.8602150537634408,0.9411764705882353,0.8421052631578947,0.8421052631578947,0.96875,0.9117647058823529,0.8316320352807864,0.975328947368421,0.970323109671984,0.23366115685975614
6,4,29,SVM,"{'C': 10, 'gamma': 0.01, 'kernel': 'rbf'}",0.9983244369339164,0.9803921568627451,0.9736842105263157,0.972972972972973,0.9574468085106381,1.0,0.9473684210526315,0.9473684210526315,1.0,0.9696969696969697,0.958467676597046,0.9835526315789473,0.9839011287909695,0.1305033137109485
6,4,29,RF,"{'max_depth': None, 'min_samples_leaf': 3, 'min_samples_split': 5, 'n_estimators': 75}",0.9928167162897991,0.9509803921568627,0.9395559210526316,0.9315068493150684,0.909090909090909,0.9714285714285714,0.8947368421052632,0.8947368421052632,0.984375,0.9402985074626866,0.895270948831327,0.9708059210526316,0.9688427671399807,0.19190015841883154
6,4,29,LGBM,"{'learning_rate': 0.1, 'max_depth': -1, 'n_estimators': 75, 'num_leaves': 31}",0.9919941346351582,0.9411764705882353,0.9317434210526316,0.918918918918919,0.9042553191489363,0.9444444444444444,0.8947368421052632,0.8947368421052632,0.96875,0.9393939393939394,0.873603351065016,0.9724506578947368,0.971296381175859,0.22471280417743147
6,5,30,LR_ElasticNet,"{'C': 0.1, 'l1_ratio': 0.25}",0.9941391057106838,0.9509803921568627,0.9395559210526316,0.9315068493150684,0.909090909090909,0.9714285714285714,0.8947368421052632,0.8947368421052632,0.984375,0.9402985074626866,0.895270948831327,0.9938322368421053,0.9913006144209151,0.1319559939988876
6,5,30,GNB,{'var_smoothing': np.float64(1e-09)},0.9848618152231253,0.9313725490196079,0.9185855263157895,0.9041095890410958,0.8823529411764707,0.9428571428571428,0.868421052631579,0.868421052631579,0.96875,0.9253731343283582,0.8525592384567735,0.9646381578947368,0.9358246984073535,1.0399442448604026
6,5,30,LDA,"{'shrinkage': None, 'solver': 'svd'}",0.9892402743130996,0.9509803921568627,0.9395559210526316,0.9315068493150684,0.909090909090909,0.9714285714285714,0.8947368421052632,0.8947368421052632,0.984375,0.9402985074626866,0.895270948831327,0.9925986842105263,0.9901232203863781,0.11534257850811558
6,5,30,SVM,"{'C': 1, 'gamma': 0.01, 'kernel': 'rbf'}",0.9949759931332315,0.9509803921568627,0.9395559210526316,0.9315068493150684,0.909090909090909,0.9714285714285714,0.8947368421052632,0.8947368421052632,0.984375,0.9402985074626866,0.895270948831327,0.9897203947368421,0.9864307192105988,0.11002309645155181
6,5,30,RF,"{'max_depth': None, 'min_samples_leaf': 3, 'min_samples_split': 5, 'n_estimators': 150}",0.9891025812969967,0.9509803921568627,0.9502467105263157,0.935064935064935,0.9424083769633508,0.9230769230769231,0.9473684210526315,0.9473684210526315,0.953125,0.9682539682539683,0.8959004429201081,0.9697779605263159,0.9734856571520853,0.48779246207002036
6,5,30,LGBM,"{'learning_rate': 0.1, 'max_depth': -1, 'n_estimators': 150, 'num_leaves': 31}",0.9878749675884947,0.9705882352941176,0.9658717105263157,0.96,0.9523809523809523,0.972972972972973,0.9473684210526315,0.9473684210526315,0.984375,0.9692307692307692,0.9369589842087575,0.989720394736842,0.9882901119743224,0.15186787423372716
7,1,31,LR_ElasticNet,"{'C': 0.1, 'l1_ratio': 0}",0.9946704755773719,0.9805825242718447,0.9743589743589743,0.9736842105263158,0.9585492227979274,1.0,0.9487179487179487,0.9487179487179487,1.0,0.9696969696969697,0.9591501029395347,0.9947916666666666,0.9927503052503054,0.09351722655794725
7,1,31,GNB,{'var_smoothing': np.float64(1e-09)},0.9840147349409439,0.9029126213592233,0.9118589743589743,0.8809523809523809,0.9203980099502487,0.8222222222222222,0.9487179487179487,0.9487179487179487,0.875,0.9655172413793104,0.8055278611457406,0.9615384615384615,0.9196394634315058,1.8405420773983232
7,1,31,LDA,"{'shrinkage': None, 'solver': 'svd'}",0.9844299598544387,0.970873786407767,0.9615384615384616,0.96,0.9375,1.0,0.9230769230769231,0.9230769230769231,1.0,0.9552238805970149,0.939012843656087,0.999198717948718,0.9987015121630508,0.06778167763565619
7,1,31,SVM,"{'C': 1, 'gamma': 0.01, 'kernel': 'rbf'}",0.9952121277147429,0.970873786407767,0.9665464743589743,0.961038961038961,0.9536082474226805,0.9736842105263158,0.9487179487179487,0.9487179487179487,0.984375,0.9692307692307692,0.937991108087845,0.9943910256410257,0.9923251351822782,0.09257418438815028
7,1,31,RF,"{'max_depth': None, 'min_samples_leaf': 3, 'min_samples_split': 5, 'n_estimators': 150}",0.9895061827740671,0.9320388349514563,0.9352964743589743,0.9135802469135802,0.9343434343434341,0.8809523809523809,0.9487179487179487,0.9487179487179487,0.921875,0.9672131147540983,0.8593060571809816,0.9799679487179487,0.9795493958626653,0.17264792702391882
7,1,31,LGBM,"{'learning_rate': 0.1, 'max_depth': -1, 'n_estimators': 150, 'num_leaves': 31}",0.9919677583755799,0.9611650485436893,0.9537259615384616,0.9473684210526315,0.9326424870466321,0.972972972972973,0.9230769230769231,0.9230769230769231,0.984375,0.9545454545454546,0.9174303138336344,0.9911858974358974,0.9890993509414564,0.14853938882530796
7,2,32,LR_ElasticNet,"{'C': 0.1, 'l1_ratio': 0}",0.9925833534508195,0.9805825242718447,0.9791497975708503,0.9736842105263158,0.9736842105263159,0.9736842105263158,0.9736842105263158,0.9736842105263158,0.9846153846153847,0.9846153846153847,0.9582995951417004,0.9987854251012146,0.9979214778383751,0.110187160195932
7,2,32,GNB,{'var_smoothing': np.float64(1e-09)},0.9849700025929203,0.9514563106796117,0.939676113360324,0.9315068493150684,0.909090909090909,0.9714285714285714,0.8947368421052632,0.8947368421052632,0.9846153846153847,0.9411764705882353,0.8958243554480808,0.9919028340080972,0.9876842709017648,0.2665984762194007
7,2,32,LDA,"{'shrinkage': None, 'solver': 'svd'}",0.9806273079227131,0.9611650485436893,0.952834008097166,0.9459459459459459,0.9308510638297871,0.9722222222222222,0.9210526315789473,0.9210526315789473,0.9846153846153847,0.9552238805970149,0.9164923742549432,0.9975708502024292,0.9959496413097519,0.08612611846774934
7,2,32,SVM,"{'C': 10, 'gamma': 0.01, 'kernel': 'rbf'}",0.9953452607673255,0.9805825242718447,0.9791497975708503,0.9736842105263158,0.9736842105263159,0.9736842105263158,0.9736842105263158,0.9736842105263158,0.9846153846153847,0.9846153846153847,0.9582995951417004,0.9987854251012146,0.9979916897506923,0.06192861810376472
7,2,32,RF,"{'max_depth': None, 'min_samples_leaf': 3, 'min_samples_split': 5, 'n_estimators': 150}",0.9848546623391718,0.9223300970873787,0.9220647773279352,0.8974358974358975,0.9114583333333334,0.875,0.9210526315789473,0.9210526315789473,0.9230769230769231,0.9523809523809523,0.8357132970487446,0.9829959514170041,0.972790810724933,0.17546242441191665
7,2,32,LGBM,"{'learning_rate': 0.1, 'max_depth': -1, 'n_estimators': 150, 'num_leaves': 31}",0.9860384646334595,0.9902912621359223,0.9923076923076923,0.987012987012987,0.994764397905759,0.9743589743589743,1.0,1.0,0.9846153846153847,1.0,0.9794737547744264,1.0,0.9999999999999998,0.022885640060791423
7,3,33,LR_ElasticNet,"{'C': 0.1, 'l1_ratio': 0}",0.9954364600377316,0.9607843137254902,0.9473684210526316,0.9444444444444444,0.913978494623656,1.0,0.8947368421052632,0.8947368421052632,1.0,0.9411764705882353,0.9176629354822471,0.9962993421052632,0.9945569050832207,0.11440367582759045
7,3,33,GNB,{'var_smoothing': np.float64(0.01)},0.9861922516384576,0.9313725490196079,0.9185855263157895,0.9041095890410958,0.8823529411764707,0.9428571428571428,0.868421052631579,0.868421052631579,0.96875,0.9253731343283582,0.8525592384567735,0.9880756578947368,0.9830937607314502,0.5711947084039725
7,3,33,LDA,"{'shrinkage': None, 'solver': 'svd'}",0.9807569539443683,0.9215686274509803,0.8947368421052632,0.8823529411764706,0.8241758241758242,1.0,0.7894736842105263,0.7894736842105263,1.0,0.8888888888888888,0.837707816583391,0.993421052631579,0.990845573235414,0.18474767570629788
7,3,33,SVM,"{'C': 1, 'gamma': 0.01, 'kernel': 'rbf'}",0.9948231002387274,0.9607843137254902,0.9473684210526316,0.9444444444444444,0.913978494623656,1.0,0.8947368421052632,0.8947368421052632,1.0,0.9411764705882353,0.9176629354822471,0.9971217105263158,0.9955200501253132,0.08884540526684874
7,3,33,RF,"{'max_depth': None, 'min_samples_leaf': 3, 'min_samples_split': 5, 'n_estimators': 150}",0.9897159410960007,0.9509803921568627,0.9395559210526316,0.9315068493150684,0.909090909090909,0.9714285714285714,0.8947368421052632,0.8947368421052632,0.984375,0.9402985074626866,0.895270948831327,0.9901315789473685,0.9858626882233692,0.13419566504075447
7,3,33,LGBM,"{'learning_rate': 0.1, 'max_depth': -1, 'n_estimators': 75, 'num_leaves': 31}",0.9904875584524735,0.9411764705882353,0.9263980263157895,0.9166666666666666,0.8870967741935484,0.9705882352941176,0.868421052631579,0.868421052631579,0.984375,0.9264705882352942,0.8746474853815167,0.9880756578947368,0.9834739740113467,0.1873732726713869
7,4,34,LR_ElasticNet,"{'C': 1, 'l1_ratio': 0.25}",0.9958656330749355,0.9607843137254902,0.9580592105263157,0.9473684210526315,0.9473684210526314,0.9473684210526315,0.9473684210526315,0.9473684210526315,0.96875,0.96875,0.9161184210526315,0.9864309210526316,0.9845477050266843,0.12744185521891044
7,4,34,GNB,{'var_smoothing': np.float64(0.001)},0.981174503545148,0.9313725490196079,0.9239309210526316,0.9066666666666666,0.8994708994708994,0.918918918918919,0.8947368421052632,0.8947368421052632,0.953125,0.9384615384615385,0.8526078664776954,0.9823190789473684,0.9749848082009067,1.0525674478614027
7,4,34,LDA,"{'shrinkage': None, 'solver': 'svd'}",0.9855109394418963,0.9313725490196079,0.9132401315789473,0.9014084507042254,0.8648648648648648,0.9696969696969697,0.8421052631578947,0.8421052631578947,0.984375,0.9130434782608695,0.8541472693442934,0.9823190789473684,0.9768990906988941,0.21694605873775885
7,4,34,SVM,"{'C': 10, 'gamma': 0.01, 'kernel': 'rbf'}",0.997934604758456,0.9705882352941176,0.9658717105263157,0.96,0.9523809523809523,0.972972972972973,0.9473684210526315,0.9473684210526315,0.984375,0.9692307692307692,0.9369589842087575,0.9860197368421053,0.9862032799389777,0.11543314999198716
7,4,34,RF,"{'max_depth': None, 'min_samples_leaf': 3, 'min_samples_split': 5, 'n_estimators': 150}",0.9864765787756052,0.9509803921568627,0.9502467105263157,0.935064935064935,0.9424083769633508,0.9230769230769231,0.9473684210526315,0.9473684210526315,0.953125,0.9682539682539683,0.8959004429201081,0.988075657894737,0.9853844952851948,0.13751243803946367
7,4,34,LGBM,"{'learning_rate': 0.05, 'max_depth': -1, 'n_estimators': 150, 'num_leaves': 31}",0.9904240766073871,0.9411764705882353,0.9424342105263157,0.9230769230769231,0.9375000000000001,0.9,0.9473684210526315,0.9473684210526315,0.9375,0.967741935483871,0.8762633373209033,0.986842105263158,0.9853706235285181,0.17373647526085692
7,5,35,LR_ElasticNet,"{'C': 1, 'l1_ratio': 1}",0.992928480101571,0.9803921568627451,0.9736842105263157,0.972972972972973,0.9574468085106381,1.0,0.9473684210526315,0.9473684210526315,1.0,0.9696969696969697,0.958467676597046,0.9925986842105263,0.9915413533834585,0.08335229008329446
7,5,35,GNB,{'var_smoothing': np.float64(1e-09)},0.9856969144246847,0.9313725490196079,0.9132401315789473,0.9014084507042254,0.8648648648648648,0.9696969696969697,0.8421052631578947,0.8421052631578947,0.984375,0.9130434782608695,0.8541472693442934,0.9950657894736842,0.991948587603896,0.5189826006115025
7,5,35,LDA,"{'shrinkage': None, 'solver': 'svd'}",0.9707661632824585,0.9607843137254902,0.9473684210526316,0.9444444444444444,0.913978494623656,1.0,0.8947368421052632,0.8947368421052632,1.0,0.9411764705882353,0.9176629354822471,0.9971217105263158,0.9955362661508379,0.09218624305000254
7,5,35,SVM,"{'C': 10, 'gamma': 0.01, 'kernel': 'rbf'}",0.9937680498556011,1.0,1.0,1.0,1.0,1.0,1.0,1.0,1.0,1.0,1.0,1.0,0.9999999999999998,0.041370069275852885
7,5,35,RF,"{'max_depth': None, 'min_samples_leaf': 3, 'min_samples_split': 5, 'n_estimators': 150}",0.9864488613502856,0.9705882352941176,0.9605263157894737,0.958904109589041,0.9358288770053476,1.0,0.9210526315789473,0.9210526315789473,1.0,0.9552238805970149,0.9379826592058804,0.998766447368421,0.9979214778383751,0.09224733173346444
7,5,35,LGBM,"{'learning_rate': 0.1, 'max_depth': -1, 'n_estimators': 150, 'num_leaves': 31}",0.9903471831048881,0.9607843137254902,0.9473684210526316,0.9444444444444444,0.913978494623656,1.0,0.8947368421052632,0.8947368421052632,1.0,0.9411764705882353,0.9176629354822471,0.9983552631578947,0.9973819336531313,0.1243912605134605
8,1,36,LR_ElasticNet,"{'C': 0.1, 'l1_ratio': 0}",0.9920583317686399,0.9805825242718447,0.9793669871794872,0.9743589743589743,0.9743589743589743,0.9743589743589743,0.9743589743589743,0.9743589743589743,0.984375,0.984375,0.9587339743589743,0.9995993589743589,0.9993589743589745,0.0818316634743547
8,1,36,GNB,{'var_smoothing': np.float64(1e-09)},0.9835610632761996,0.9320388349514563,0.9302884615384616,0.9113924050632911,0.9183673469387756,0.9,0.9230769230769231,0.9230769230769231,0.9375,0.9523809523809523,0.8564691338801284,0.9911858974358975,0.9863350166726764,0.726333704723697
8,1,36,LDA,"{'shrinkage': None, 'solver': 'svd'}",0.9804542975420901,0.9805825242718447,0.9793669871794872,0.9743589743589743,0.9743589743589743,0.9743589743589743,0.9743589743589743,0.9743589743589743,0.984375,0.984375,0.9587339743589743,0.9899839743589743,0.9895745280360666,0.10774236238103517
8,1,36,SVM,"{'C': 1, 'gamma': 0.01, 'kernel': 'rbf'}",0.9926774138748066,0.9902912621359223,0.9871794871794872,0.987012987012987,0.9793814432989689,1.0,0.9743589743589743,0.9743589743589743,1.0,0.9846153846153847,0.9794737547744264,0.9995993589743589,0.9993589743589745,0.050796641140362316
8,1,36,RF,"{'max_depth': None, 'min_samples_leaf': 3, 'min_samples_split': 5, 'n_estimators': 75}",0.9822548572552595,0.9805825242718447,0.984375,0.975,0.9898477157360406,0.9512195121951219,1.0,1.0,0.96875,1.0,0.9599447392631643,0.9987980769230769,0.9980917560654896,0.09489513896436476
8,1,36,LGBM,"{'learning_rate': 0.05, 'max_depth': -1, 'n_estimators': 75, 'num_leaves': 31}",0.9829992936527097,0.9805825242718447,0.9793669871794872,0.9743589743589743,0.9743589743589743,0.9743589743589743,0.9743589743589743,0.9743589743589743,0.984375,0.984375,0.9587339743589743,0.9987980769230769,0.9980267483303922,0.06411093979824622
8,2,37,LR_ElasticNet,"{'C': 1, 'l1_ratio': 0}",0.9939897892581566,1.0,1.0,1.0,1.0,1.0,1.0,1.0,1.0,1.0,1.0,1.0,0.9999999999999998,0.036213939522953965
8,2,37,GNB,{'var_smoothing': np.float64(1e-09)},0.9792029899054925,0.9611650485436893,0.9582995951417004,0.9473684210526315,0.9473684210526314,0.9473684210526315,0.9473684210526315,0.9473684210526315,0.9692307692307692,0.9692307692307692,0.9165991902834008,0.9959514170040485,0.9927467610613896,0.4100556359606805
8,2,37,LDA,"{'shrinkage': None, 'solver': 'svd'}",0.9763239541142493,0.9611650485436893,0.9473684210526316,0.9444444444444444,0.913978494623656,1.0,0.8947368421052632,0.8947368421052632,1.0,0.9420289855072463,0.9180784496242018,0.9979757085020243,0.996940024479804,0.09803401772262012
8,2,37,SVM,"{'C': 10, 'gamma': 0.01, 'kernel': 'rbf'}",0.9943671038866984,0.9902912621359223,0.986842105263158,0.9866666666666667,0.9788359788359787,1.0,0.9736842105263158,0.9736842105263158,1.0,0.9848484848484849,0.9792504375581025,1.0,0.9999999999999998,0.04150926236350299
8,2,37,RF,"{'max_depth': None, 'min_samples_leaf': 3, 'min_samples_split': 5, 'n_estimators': 75}",0.9846280053288985,0.9902912621359223,0.986842105263158,0.9866666666666667,0.9788359788359787,1.0,0.9736842105263158,0.9736842105263158,1.0,0.9848484848484849,0.9792504375581025,0.9995951417004048,0.9993252361673415,0.07739294981372721
8,2,37,LGBM,"{'learning_rate': 0.1, 'max_depth': -1, 'n_estimators': 150, 'num_leaves': 31}",0.985361622989369,1.0,1.0,1.0,1.0,1.0,1.0,1.0,1.0,1.0,1.0,1.0,0.9999999999999998,0.002932278727249596
8,3,38,LR_ElasticNet,"{'C': 1, 'l1_ratio': 0.5}",0.9960283611848753,0.9509803921568627,0.9449013157894737,0.9333333333333333,0.9259259259259259,0.9459459459459459,0.9210526315789473,0.9210526315789473,0.96875,0.9538461538461539,0.8947834253432264,0.9728618421052632,0.9729648700150095,0.17086941218060953
8,3,38,GNB,{'var_smoothing': np.float64(1e-09)},0.9892867680587966,0.9215686274509803,0.9214638157894737,0.8974358974358975,0.9114583333333334,0.875,0.9210526315789473,0.9210526315789473,0.921875,0.9516129032258065,0.8347304096226078,0.9806743421052632,0.9756378870323705,0.6620308526495927
8,3,38,LDA,"{'shrinkage': None, 'solver': 'svd'}",0.9922909793192242,0.9509803921568627,0.9342105263157895,0.9295774647887324,0.8918918918918919,1.0,0.868421052631579,0.868421052631579,1.0,0.927536231884058,0.8974920561468396,0.9777960526315789,0.9787952036336153,0.19811662883021114
8,3,38,SVM,"{'C': 1, 'gamma': 0.01, 'kernel': 'rbf'}",0.9951852149888682,0.9509803921568627,0.9342105263157895,0.9295774647887324,0.8918918918918919,1.0,0.868421052631579,0.868421052631579,1.0,0.927536231884058,0.8974920561468396,0.990953947368421,0.9870488644910185,0.11366468926650095
8,3,38,RF,"{'max_depth': None, 'min_samples_leaf': 3, 'min_samples_split': 5, 'n_estimators': 150}",0.9905823341648561,0.9313725490196079,0.9292763157894737,0.9090909090909091,0.9162303664921466,0.8974358974358975,0.9210526315789473,0.9210526315789473,0.9375,0.9523809523809523,0.8541735729758838,0.9782072368421052,0.9739953265688561,0.17794948257024326
8,3,38,LGBM,"{'learning_rate': 0.1, 'max_depth': -1, 'n_estimators': 150, 'num_leaves': 31}",0.9899743390288173,0.9509803921568627,0.9502467105263157,0.935064935064935,0.9424083769633508,0.9230769230769231,0.9473684210526315,0.9473684210526315,0.953125,0.9682539682539683,0.8959004429201081,0.9884868421052632,0.9831370977105753,0.28630223630348095
8,4,39,LR_ElasticNet,"{'C': 0.1, 'l1_ratio': 0.25}",0.9920164873975126,0.9509803921568627,0.9342105263157895,0.9295774647887324,0.8918918918918919,1.0,0.868421052631579,0.868421052631579,1.0,0.927536231884058,0.8974920561468396,0.9983552631578947,0.9972804521973495,0.12293093602299011
8,4,39,GNB,{'var_smoothing': np.float64(1e-09)},0.98356714322756,0.9117647058823529,0.8976151315789473,0.8767123287671232,0.855614973262032,0.9142857142857143,0.8421052631578947,0.8421052631578947,0.953125,0.9104477611940298,0.8098475280822199,0.985608552631579,0.977390703637241,0.7103754695516746
8,4,39,LDA,"{'shrinkage': None, 'solver': 'svd'}",0.9818638627361569,0.9215686274509803,0.9000822368421053,0.8857142857142857,0.842391304347826,0.96875,0.8157894736842105,0.8157894736842105,0.984375,0.9,0.8337522932581102,0.9757401315789473,0.9719432718404344,0.25655597854194423
8,4,39,SVM,"{'C': 1, 'gamma': 0.01, 'kernel': 'rbf'}",0.9926235884230573,0.9607843137254902,0.9473684210526316,0.9444444444444444,0.913978494623656,1.0,0.8947368421052632,0.8947368421052632,1.0,0.9411764705882353,0.9176629354822471,0.9983552631578947,0.9973819336531313,0.07192999478201273
8,4,39,RF,"{'max_depth': None, 'min_samples_leaf': 3, 'min_samples_split': 5, 'n_estimators': 75}",0.9843199842636553,0.9215686274509803,0.9107730263157895,0.8918918918918919,0.8776595744680851,0.9166666666666666,0.868421052631579,0.868421052631579,0.953125,0.9242424242424242,0.8311711882990008,0.9901315789473684,0.9845383929941581,0.1387634258356903
8,4,39,LGBM,"{'learning_rate': 0.1, 'max_depth': -1, 'n_estimators': 150, 'num_leaves': 31}",0.9859284890426759,0.9411764705882353,0.9263980263157895,0.9166666666666666,0.8870967741935484,0.9705882352941176,0.868421052631579,0.868421052631579,0.984375,0.9264705882352942,0.8746474853815167,0.9950657894736842,0.9920984248667363,0.18689978726450446
8,5,40,LR_ElasticNet,"{'C': 1, 'l1_ratio': 0}",0.9986320109439125,0.9411764705882353,0.9263980263157895,0.9166666666666666,0.8870967741935484,0.9705882352941176,0.868421052631579,0.868421052631579,0.984375,0.9264705882352942,0.8746474853815167,0.981907894736842,0.9794758499074863,0.16179776034851467
8,5,40,GNB,{'var_smoothing': np.float64(1e-09)},0.9788127106747851,0.9313725490196079,0.9185855263157895,0.9041095890410958,0.8823529411764707,0.9428571428571428,0.868421052631579,0.868421052631579,0.96875,0.9253731343283582,0.8525592384567735,0.9790296052631579,0.9721197958272559,0.8621771709051399
8,5,40,LDA,"{'shrinkage': None, 'solver': 'svd'}",0.9869897981992616,0.9411764705882353,0.9210526315789473,0.9142857142857143,0.8695652173913043,1.0,0.8421052631578947,0.8421052631578947,1.0,0.9142857142857143,0.8774535953713307,0.9827302631578947,0.978537039254082,0.2072139155736698
8,5,40,SVM,"{'C': 10, 'gamma': 0.01, 'kernel': 'rbf'}",0.998783115617428,0.9509803921568627,0.9342105263157895,0.9295774647887324,0.8918918918918919,1.0,0.868421052631579,0.868421052631579,1.0,0.927536231884058,0.8974920561468396,0.9802631578947368,0.9780164823616474,0.1782594705991008
8,5,40,RF,"{'max_depth': None, 'min_samples_leaf': 3, 'min_samples_split': 5, 'n_estimators': 75}",0.9914585624491474,0.9411764705882353,0.9263980263157895,0.9166666666666666,0.8870967741935484,0.9705882352941176,0.868421052631579,0.868421052631579,0.984375,0.9264705882352942,0.8746474853815167,0.9798519736842105,0.9755195698694151,0.1693074205159585
8,5,40,LGBM,"{'learning_rate': 0.1, 'max_depth': -1, 'n_estimators': 75, 'num_leaves': 31}",0.9930634907861914,0.9313725490196079,0.9185855263157895,0.9041095890410958,0.8823529411764707,0.9428571428571428,0.868421052631579,0.868421052631579,0.96875,0.9253731343283582,0.8525592384567735,0.9782072368421053,0.9739436847182625,0.22595826014623388
9,1,41,LR_ElasticNet,"{'C': 0.1, 'l1_ratio': 0}",0.992750909757428,0.9611650485436893,0.9487179487179487,0.9459459459459459,0.9162303664921465,1.0,0.8974358974358975,0.8974358974358975,1.0,0.9411764705882353,0.9190460002240929,0.9983974358974359,0.9975110359725746,0.09564354999681442
9,1,41,GNB,{'var_smoothing': np.float64(0.01)},0.9856814463131354,0.9514563106796117,0.9409054487179487,0.9333333333333333,0.9114583333333334,0.9722222222222222,0.8974358974358975,0.8974358974358975,0.984375,0.9402985074626866,0.8970344048988921,0.9915865384615384,0.9871299408866493,0.49011831535187095
9,1,41,LDA,"{'shrinkage': None, 'solver': 'svd'}",0.9764145275073094,0.9611650485436893,0.9487179487179487,0.9459459459459459,0.9162303664921465,1.0,0.8974358974358975,0.8974358974358975,1.0,0.9411764705882353,0.9190460002240929,0.9967948717948718,0.9954406425978334,0.116336222374087
9,1,41,SVM,"{'C': 10, 'gamma': 0.01, 'kernel': 'rbf'}",0.9938651949607933,0.970873786407767,0.9615384615384616,0.96,0.9375,1.0,0.9230769230769231,0.9230769230769231,1.0,0.9552238805970149,0.939012843656087,0.9983974358974359,0.9975110359725746,0.06702925683733751
9,1,41,RF,"{'max_depth': None, 'min_samples_leaf': 3, 'min_samples_split': 5, 'n_estimators': 150}",0.9879806514489059,0.9320388349514563,0.9202724358974359,0.9066666666666666,0.8854166666666669,0.9444444444444444,0.8717948717948718,0.8717948717948718,0.96875,0.9253731343283582,0.8550559661416972,0.9903846153846153,0.9845597683072485,0.14453775730029197
9,1,41,LGBM,"{'learning_rate': 0.1, 'max_depth': -1, 'n_estimators': 150, 'num_leaves': 31}",0.989245281331867,0.941747572815534,0.9280849358974359,0.918918918918919,0.8900523560209425,0.9714285714285714,0.8717948717948718,0.8717948717948718,0.984375,0.9264705882352942,0.8767862957495028,0.9959935897435898,0.9933905623330571,0.19738852152058062
9,2,42,LR_ElasticNet,"{'C': 1, 'l1_ratio': 0.25}",0.9945155262287314,0.9805825242718447,0.9791497975708503,0.9736842105263158,0.9736842105263159,0.9736842105263158,0.9736842105263158,0.9736842105263158,0.9846153846153847,0.9846153846153847,0.9582995951417004,0.9890688259109313,0.9881534680703654,0.09785661970113574
9,2,42,GNB,{'var_smoothing': np.float64(1e-09)},0.9856414795740457,0.941747572815534,0.942914979757085,0.9230769230769231,0.9375000000000001,0.9,0.9473684210526315,0.9473684210526315,0.9384615384615385,0.9682539682539683,0.8769979347446778,0.9914979757085021,0.9869033479250552,0.5553443748339625
9,2,42,LDA,"{'shrinkage': None, 'solver': 'svd'}",0.9919100882487059,0.941747572815534,0.9265182186234818,0.9166666666666666,0.8870967741935484,0.9705882352941176,0.868421052631579,0.868421052631579,0.9846153846153847,0.927536231884058,0.8752901779901328,0.9829959514170041,0.97992143088051,0.17015096397514673
9,2,42,SVM,"{'C': 1, 'gamma': 0.01, 'kernel': 'rbf'}",0.9940577416557138,0.9805825242718447,0.9736842105263157,0.972972972972973,0.9574468085106381,1.0,0.9473684210526315,0.9473684210526315,1.0,0.9701492537313433,0.9586911737847864,0.9987854251012145,0.9980744544287546,0.06542555081227247
9,2,42,RF,"{'max_depth': None, 'min_samples_leaf': 3, 'min_samples_split': 5, 'n_estimators': 75}",0.9869343633486226,0.9611650485436893,0.9692307692307692,0.95,0.9793814432989691,0.9047619047619048,1.0,1.0,0.9384615384615385,1.0,0.9214576762305738,0.9971659919028341,0.9953398852121911,0.11401288906784603
9,2,42,LGBM,"{'learning_rate': 0.05, 'max_depth': -1, 'n_estimators': 150, 'num_leaves': 31}",0.9915327736201639,0.9514563106796117,0.9560728744939271,0.9367088607594937,0.9585492227979275,0.9024390243902439,0.9736842105263158,0.9736842105263158,0.9384615384615385,0.9838709677419355,0.8991350797343111,0.9983805668016195,0.9974937343358394,0.06952866723220011
9,3,43,LR_ElasticNet,"{'C': 1, 'l1_ratio': 0.5}",0.9965800273597812,0.9705882352941176,0.9658717105263157,0.96,0.9523809523809523,0.972972972972973,0.9473684210526315,0.9473684210526315,0.984375,0.9692307692307692,0.9369589842087575,0.9880756578947368,0.9872484453076557,0.11562311492560161
9,3,43,GNB,{'var_smoothing': np.float64(1e-09)},0.9828867251414929,0.9019607843137255,0.8844572368421053,0.8611111111111112,0.8333333333333334,0.9117647058823529,0.8157894736842105,0.8157894736842105,0.953125,0.8970588235294118,0.7886165851800561,0.9679276315789473,0.9099841226998678,1.3526966406987548
9,3,43,LDA,"{'shrinkage': None, 'solver': 'svd'}",0.9907030390815698,0.9117647058823529,0.8869243421052632,0.8695652173913043,0.8196721311475409,0.967741935483871,0.7894736842105263,0.7894736842105263,0.984375,0.8873239436619719,0.8134442854248393,0.9773848684210527,0.9696244220028438,0.2782462693698752
9,3,43,SVM,"{'C': 10, 'gamma': 0.01, 'kernel': 'rbf'}",0.99718802249582,0.9607843137254902,0.9580592105263157,0.9473684210526315,0.9473684210526314,0.9473684210526315,0.9473684210526315,0.9473684210526315,0.96875,0.96875,0.9161184210526315,0.9847861842105263,0.9805183065972327,0.13941479205945045
9,3,43,RF,"{'max_depth': None, 'min_samples_leaf': 3, 'min_samples_split': 5, 'n_estimators': 75}",0.9904124531709629,0.9411764705882353,0.9263980263157895,0.9166666666666666,0.8870967741935484,0.9705882352941176,0.868421052631579,0.868421052631579,0.984375,0.9264705882352942,0.8746474853815167,0.9893092105263158,0.98406134421158,0.144245087370799
9,3,43,LGBM,"{'learning_rate': 0.1, 'max_depth': -1, 'n_estimators': 150, 'num_leaves': 31}",0.9904884525629677,0.9411764705882353,0.9317434210526316,0.918918918918919,0.9042553191489363,0.9444444444444444,0.8947368421052632,0.8947368421052632,0.96875,0.9393939393939394,0.873603351065016,0.9884868421052632,0.98585216220023,0.22159990467624074
9,4,44,LR_ElasticNet,"{'C': 0.1, 'l1_ratio': 0}",0.9925082481693087,0.9803921568627451,0.9736842105263157,0.972972972972973,0.9574468085106381,1.0,0.9473684210526315,0.9473684210526315,1.0,0.9696969696969697,0.958467676597046,1.0,0.9999999999999998,0.08203225337780869
9,4,44,GNB,{'var_smoothing': np.float64(0.01)},0.9831585347317221,0.9509803921568627,0.9449013157894737,0.9333333333333333,0.9259259259259259,0.9459459459459459,0.9210526315789473,0.9210526315789473,0.96875,0.9538461538461539,0.8947834253432264,0.9946546052631579,0.9918167128347184,0.3276161682466532
9,4,44,LDA,"{'shrinkage': None, 'solver': 'svd'}",0.9859544182470069,0.9607843137254902,0.9473684210526316,0.9444444444444444,0.913978494623656,1.0,0.8947368421052632,0.8947368421052632,1.0,0.9411764705882353,0.9176629354822471,0.9995888157894737,0.9993252361673413,0.07933545954235523
9,4,44,SVM,"{'C': 10, 'gamma': 0.01, 'kernel': 'rbf'}",0.9935132283647613,0.9803921568627451,0.9736842105263157,0.972972972972973,0.9574468085106381,1.0,0.9473684210526315,0.9473684210526315,1.0,0.9696969696969697,0.958467676597046,1.0,0.9999999999999998,0.04071326841397298
9,4,44,RF,"{'max_depth': None, 'min_samples_leaf': 3, 'min_samples_split': 5, 'n_estimators': 150}",0.9805986963868994,0.9607843137254902,0.9473684210526316,0.9444444444444444,0.913978494623656,1.0,0.8947368421052632,0.8947368421052632,1.0,0.9411764705882353,0.9176629354822471,0.9971217105263157,0.9953589818548267,0.10112916690732096
9,4,44,LGBM,"{'learning_rate': 0.1, 'max_depth': -1, 'n_estimators': 150, 'num_leaves': 31}",0.9871462675357421,0.9803921568627451,0.9736842105263157,0.972972972972973,0.9574468085106381,1.0,0.9473684210526315,0.9473684210526315,1.0,0.9696969696969697,0.958467676597046,0.9971217105263158,0.9955904968144869,0.12445133485498688
9,5,45,LR_ElasticNet,"{'C': 1, 'l1_ratio': 0}",0.9951288860277353,0.9705882352941176,0.9658717105263157,0.96,0.9523809523809523,0.972972972972973,0.9473684210526315,0.9473684210526315,0.984375,0.9692307692307692,0.9369589842087575,0.9938322368421053,0.9912367380902849,0.0838507060720734
9,5,45,GNB,{'var_smoothing': np.float64(0.001)},0.9898446930071617,0.9215686274509803,0.9107730263157895,0.8918918918918919,0.8776595744680851,0.9166666666666666,0.868421052631579,0.868421052631579,0.953125,0.9242424242424242,0.8311711882990008,0.974095394736842,0.967977946708311,1.010457094822541
9,5,45,LDA,"{'shrinkage': None, 'solver': 'svd'}",0.9904705703530842,0.9705882352941176,0.9658717105263157,0.96,0.9523809523809523,0.972972972972973,0.9473684210526315,0.9473684210526315,0.984375,0.9692307692307692,0.9369589842087575,0.9913651315789473,0.9889240973964977,0.11515938545652485
9,5,45,SVM,"{'C': 1, 'gamma': 0.01, 'kernel': 'rbf'}",0.993977271711238,0.9705882352941176,0.9658717105263157,0.96,0.9523809523809523,0.972972972972973,0.9473684210526315,0.9473684210526315,0.984375,0.9692307692307692,0.9369589842087575,0.9917763157894737,0.9889184397163119,0.10246084801838923
9,5,45,RF,"{'max_depth': None, 'min_samples_leaf': 3, 'min_samples_split': 5, 'n_estimators': 75}",0.9919002530332698,0.9313725490196079,0.9292763157894737,0.9090909090909091,0.9162303664921466,0.8974358974358975,0.9210526315789473,0.9210526315789473,0.9375,0.9523809523809523,0.8541735729758838,0.9677220394736841,0.9696938183006295,0.4896715326002366
9,5,45,LGBM,"{'learning_rate': 0.1, 'max_depth': -1, 'n_estimators': 150, 'num_leaves': 31}",0.990694097976628,0.9607843137254902,0.9580592105263157,0.9473684210526315,0.9473684210526314,0.9473684210526315,0.9473684210526315,0.9473684210526315,0.96875,0.96875,0.9161184210526315,0.9823190789473684,0.980722668818842,0.24835419107648818
10,1,46,LR_ElasticNet,"{'C': 0.1, 'l1_ratio': 0.25}",0.9937211984657064,0.970873786407767,0.9615384615384616,0.96,0.9375,1.0,0.9230769230769231,0.9230769230769231,1.0,0.9552238805970149,0.939012843656087,0.9979967948717948,0.9970862470862473,0.09860690191919248
10,1,46,GNB,{'var_smoothing': np.float64(1e-09)},0.9795951467682377,0.912621359223301,0.9146634615384616,0.8888888888888888,0.9090909090909091,0.8571428571428571,0.9230769230769231,0.9230769230769231,0.90625,0.9508196721311475,0.8185750291599778,0.9723557692307693,0.9265646478052046,1.3667437150131845
10,1,46,LDA,"{'shrinkage': None, 'solver': 'svd'}",0.9873459224090912,0.970873786407767,0.9615384615384616,0.96,0.9375,1.0,0.9230769230769231,0.9230769230769231,1.0,0.9552238805970149,0.939012843656087,0.9879807692307692,0.9873015873015875,0.12149743866661858
10,1,46,SVM,"{'C': 1, 'gamma': 0.01, 'kernel': 'rbf'}",0.9940278783652085,0.9611650485436893,0.9537259615384616,0.9473684210526315,0.9326424870466321,0.972972972972973,0.9230769230769231,0.9230769230769231,0.984375,0.9545454545454546,0.9174303138336344,0.9967948717948718,0.9950178126385641,0.07467348305672518
10,1,46,RF,"{'max_depth': None, 'min_samples_leaf': 3, 'min_samples_split': 5, 'n_estimators': 75}",0.9861089205404004,0.9611650485436893,0.9637419871794872,0.95,0.9644670050761422,0.926829268292683,0.9743589743589743,0.9743589743589743,0.953125,0.9838709677419355,0.919053792967008,0.9939903846153846,0.9911900806131575,0.1158936350230564
10,1,46,LGBM,"{'learning_rate': 0.1, 'max_depth': -1, 'n_estimators': 150, 'num_leaves': 31}",0.9903176774585803,0.970873786407767,0.9715544871794872,0.9620253164556962,0.9693877551020408,0.95,0.9743589743589743,0.9743589743589743,0.96875,0.9841269841269841,0.9386072351740327,0.9983974358974359,0.9974169922328312,0.06597456195763975
10,2,47,LR_ElasticNet,"{'C': 1, 'l1_ratio': 0}",0.9933782176801408,0.9902912621359223,0.9923076923076923,0.987012987012987,0.994764397905759,0.9743589743589743,1.0,1.0,0.9846153846153847,1.0,0.9794737547744264,0.9987854251012146,0.9979214778383751,0.04304899960218802
10,2,47,GNB,{'var_smoothing': np.float64(0.01)},0.9804820149674097,0.9514563106796117,0.9451417004048583,0.9333333333333333,0.9259259259259259,0.9459459459459459,0.9210526315789473,0.9210526315789473,0.9692307692307692,0.9545454545454546,0.8953728533015665,0.9975708502024292,0.9959496413097522,0.20315760448168987
10,2,47,LDA,"{'shrinkage': None, 'solver': 'svd'}",0.97620414330803,0.970873786407767,0.9605263157894737,0.958904109589041,0.9358288770053476,1.0,0.9210526315789473,0.9210526315789473,1.0,0.9558823529411765,0.9383058971659225,0.9987854251012145,0.9980744544287546,0.0603452354255315
10,2,47,SVM,"{'C': 10, 'gamma': 'scale', 'kernel': 'rbf'}",0.9942928927156819,0.970873786407767,0.965991902834008,0.96,0.9523809523809523,0.972972972972973,0.9473684210526315,0.9473684210526315,0.9846153846153847,0.9696969696969697,0.9373116454298345,0.9979757085020243,0.9968012135602161,0.06590030940315694
10,2,47,RF,"{'max_depth': None, 'min_samples_leaf': 3, 'min_samples_split': 5, 'n_estimators': 150}",0.9877256511359672,0.970873786407767,0.9605263157894737,0.958904109589041,0.9358288770053476,1.0,0.9210526315789473,0.9210526315789473,1.0,0.9558823529411765,0.9383058971659225,0.9979757085020242,0.9966706960997886,0.08541133798235147
10,2,47,LGBM,"{'learning_rate': 0.1, 'max_depth': -1, 'n_estimators': 150, 'num_leaves': 31}",0.9902470427295406,0.9902912621359223,0.986842105263158,0.9866666666666667,0.9788359788359787,1.0,0.9736842105263158,0.9736842105263158,1.0,0.9848484848484849,0.9792504375581025,0.9995951417004049,0.9993252361673411,0.02180413261764905
10,3,48,LR_ElasticNet,"{'C': 1, 'l1_ratio': 0.5}",0.998010604150461,0.9509803921568627,0.9395559210526316,0.9315068493150684,0.909090909090909,0.9714285714285714,0.8947368421052632,0.8947368421052632,0.984375,0.9402985074626866,0.895270948831327,0.9720394736842105,0.9695965803237567,0.2057235838154122
10,3,48,GNB,{'var_smoothing': np.float64(0.01)},0.9888468656956627,0.9313725490196079,0.9132401315789473,0.9014084507042254,0.8648648648648648,0.9696969696969697,0.8421052631578947,0.8421052631578947,0.984375,0.9130434782608695,0.8541472693442934,0.9847861842105263,0.9776360835027084,0.6891569505010094
10,3,48,LDA,"{'shrinkage': None, 'solver': 'svd'}",0.9976395482953784,0.9215686274509803,0.8947368421052632,0.8823529411764706,0.8241758241758242,1.0,0.7894736842105263,0.7894736842105263,1.0,0.8888888888888888,0.837707816583391,0.9555921052631579,0.9510718555414268,0.39628930193580203
10,3,48,SVM,"{'C': 10, 'gamma': 0.01, 'kernel': 'rbf'}",0.9970941408939318,0.9509803921568627,0.9395559210526316,0.9315068493150684,0.909090909090909,0.9714285714285714,0.8947368421052632,0.8947368421052632,0.984375,0.9402985074626866,0.895270948831327,0.9794407894736843,0.9785497818315154,0.15667638523680316
10,3,48,RF,"{'max_depth': None, 'min_samples_leaf': 3, 'min_samples_split': 5, 'n_estimators': 75}",0.9904777232370375,0.9313725490196079,0.9185855263157895,0.9041095890410958,0.8823529411764707,0.9428571428571428,0.868421052631579,0.868421052631579,0.96875,0.9253731343283582,0.8525592384567735,0.977796052631579,0.9706357862124116,0.18658439160473464
10,3,48,LGBM,"{'learning_rate': 0.1, 'max_depth': -1, 'n_estimators': 150, 'num_leaves': 31}",0.9935132283647613,0.9509803921568627,0.9342105263157895,0.9295774647887324,0.8918918918918919,1.0,0.868421052631579,0.868421052631579,1.0,0.927536231884058,0.8974920561468396,0.9708059210526315,0.9677704855183433,0.43715716145566963
10,4,49,LR_ElasticNet,"{'C': 0.1, 'l1_ratio': 0}",0.9936088981876381,0.9705882352941176,0.9605263157894737,0.958904109589041,0.9358288770053476,1.0,0.9210526315789473,0.9210526315789473,1.0,0.9552238805970149,0.9379826592058804,0.9930098684210527,0.9907246595685769,0.12041623957891265
10,4,49,GNB,{'var_smoothing': np.float64(0.01)},0.9882603292114839,0.9117647058823529,0.9029605263157895,0.88,0.873015873015873,0.8918918918918919,0.868421052631579,0.868421052631579,0.9375,0.9230769230769231,0.8104323076121643,0.9724506578947368,0.9648328304818998,0.7951565106266352
10,4,49,LDA,"{'shrinkage': None, 'solver': 'svd'}",0.9864604847867099,0.9215686274509803,0.9000822368421053,0.8857142857142857,0.842391304347826,0.96875,0.8157894736842105,0.8157894736842105,0.984375,0.9,0.8337522932581102,0.9962993421052632,0.9931958971574739,0.1356725612554614
10,4,49,SVM,"{'C': 1, 'gamma': 0.01, 'kernel': 'rbf'}",0.9943751508811459,0.9705882352941176,0.9605263157894737,0.958904109589041,0.9358288770053476,1.0,0.9210526315789473,0.9210526315789473,1.0,0.9552238805970149,0.9379826592058804,0.993421052631579,0.991116816431322,0.09573288639011507
10,4,49,RF,"{'max_depth': None, 'min_samples_leaf': 3, 'min_samples_split': 5, 'n_estimators': 75}",0.9894727430415852,0.9117647058823529,0.9136513157894737,0.8860759493670886,0.9067357512953368,0.8536585365853658,0.9210526315789473,0.9210526315789473,0.90625,0.9508196721311475,0.8158106024801891,0.9683388157894737,0.9666858554242456,0.4848765973238646
10,4,49,LGBM,"{'learning_rate': 0.05, 'max_depth': -1, 'n_estimators': 150, 'num_leaves': 31}",0.9878240032903266,0.9509803921568627,0.9449013157894737,0.9333333333333333,0.9259259259259259,0.9459459459459459,0.9210526315789473,0.9210526315789473,0.96875,0.9538461538461539,0.8947834253432264,0.9876644736842105,0.9833940317271133,0.174877773500429
10,5,50,LR_ElasticNet,"{'C': 1, 'l1_ratio': 0}",0.9942168933236769,0.9803921568627451,0.979029605263158,0.9736842105263158,0.9736842105263159,0.9736842105263158,0.9736842105263158,0.9736842105263158,0.984375,0.984375,0.9580592105263158,0.9962993421052632,0.994730820185475,0.06393046364222424
10,5,50,GNB,{'var_smoothing': np.float64(0.001)},0.9760074389993116,0.9509803921568627,0.9449013157894737,0.9333333333333333,0.9259259259259259,0.9459459459459459,0.9210526315789473,0.9210526315789473,0.96875,0.9538461538461539,0.8947834253432264,0.9851973684210527,0.981773964799604,0.5102174523063729
10,5,50,LDA,"{'shrinkage': None, 'solver': 'svd'}",0.9847053458866446,0.9705882352941176,0.9658717105263157,0.96,0.9523809523809523,0.972972972972973,0.9473684210526315,0.9473684210526315,0.984375,0.9692307692307692,0.9369589842087575,0.993421052631579,0.990845573235414,0.1071352223598556
10,5,50,SVM,"{'C': 10, 'gamma': 0.01, 'kernel': 'rbf'}",0.9923920138050661,0.9803921568627451,0.979029605263158,0.9736842105263158,0.9736842105263159,0.9736842105263158,0.9736842105263158,0.9736842105263158,0.984375,0.984375,0.9580592105263158,0.998766447368421,0.9980744544287546,0.06518470484271682
10,5,50,RF,"{'max_depth': None, 'min_samples_leaf': 3, 'min_samples_split': 5, 'n_estimators': 150}",0.9883998104485752,0.9607843137254902,0.9527138157894737,0.9459459459459459,0.9308510638297871,0.9722222222222222,0.9210526315789473,0.9210526315789473,0.984375,0.9545454545454546,0.916035513831031,0.988075657894737,0.986765467028625,0.1374014369069164
10,5,50,LGBM,"{'learning_rate': 0.05, 'max_depth': -1, 'n_estimators': 150, 'num_leaves': 31}",0.9844353245174039,0.9705882352941176,0.9658717105263157,0.96,0.9523809523809523,0.972972972972973,0.9473684210526315,0.9473684210526315,0.984375,0.9692307692307692,0.9369589842087575,0.9876644736842106,0.9869340734299181,0.10902299888397635
